,uuid,latitude,longitude,interactions,street,reliability,start_time,end_time,share,cum_share,geometry,hex9,hex10,date,alerts
0,5f8a9ee4-cbfd-3b1e-b10f-861d0c1af10b,-12.132533,-77.031029,25,Vía Expresa Costa Verde,10,2019-02-03 03:25:00.000,2019-02-03 04:51:00.000,0.0229,0.022914757103574702,POINT (-77.031029 -12.132533),898e62c52dbffff,8a8e62ce5acffff,2019-02-03 12:00:00,1
1,c94d5b4a-974f-3550-ab60-39a507c0bf5c,-12.133135000000001,-77.030389,23,Vía Expresa Costa Verde,10,2019-02-09 00:56:00.000,2019-02-09 01:42:00.000,0.0211,0.04399633363886343,POINT (-77.030389 -12.133135),898e62c52dbffff,8a8e62c52d97fff,2019-02-09 12:00:00,1
2,a388e8ae-f3d9-3658-9f14-2e9db42892a4,-12.131729,-77.029708,21,Av. Armendáriz,10,2019-05-14 20:34:00.000,2019-05-14 21:52:00.000,0.0192,0.06324472960586618,POINT (-77.029708 -12.131729),898e62c52dbffff,8a8e62ce5a5ffff,2019-05-14 12:00:00,1
3,96a3dd01-3d0d-325a-8cb3-c5025e79db20,-12.132819,-77.03070500000001,20,Vía Expresa Costa Verde,10,2019-03-01 03:53:00.000,2019-03-01 04:40:00.000,0.0183,0.08157653528872594,POINT (-77.03070500000001 -12.132819),898e62c52dbffff,8a8e62c52d97fff,2019-03-01 12:00:00,1
4,3a936507-35e4-3efb-99d4-a94dda397ac5,-12.132325999999999,-77.031355,18,Vía Expresa Costa Verde,10,2019-02-09 02:32:00.000,2019-02-09 04:04:00.000,0.0165,0.09807516040329972,POINT (-77.031355 -12.132326),898e62ce5afffff,8a8e62ce5acffff,2019-02-09 12:00:00,1
5,60ca40a3-92aa-3e42-8e65-6223e6aeb078,-12.126217,-77.037943,18,Vía Expresa Costa Verde,10,2019-03-04 00:32:00.000,2019-03-04 01:09:00.000,0.0165,0.1145737855178735,POINT (-77.037943 -12.126217),898e62ce517ffff,8a8e62ce5167fff,2019-03-04 12:00:00,1
6,2bd0cb0a-a92c-3570-86ed-bbbfa06d9fff,-12.130360000000001,-77.034864,18,Vía Expresa Costa Verde,10,2019-04-08 12:20:00.000,2019-04-08 12:34:00.000,0.0165,0.1310724106324473,POINT (-77.034864 -12.13036),898e62ce5abffff,8a8e62ce5a8ffff,2019-04-08 12:00:00,1
7,62bc4025-a647-382f-8e30-e863425e2c8d,-12.130995,-77.033702,16,Vía Expresa Costa Verde,10,2019-02-09 01:14:00.000,2019-02-09 02:12:00.000,0.0147,0.1457378551787351,POINT (-77.03370200000001 -12.130995),898e62ce5afffff,8a8e62ce5ad7fff,2019-02-09 12:00:00,1
8,37dc538d-20c2-365f-b3f5-4114772afe51,-12.126658,-77.016046,16,Av. Alfredo Benavides,10,2019-08-12 01:16:00.000,2019-08-12 02:12:00.000,0.0147,0.1604032997250229,POINT (-77.016046 -12.126658),898e62c562bffff,8a8e62c562a7fff,2019-08-12 12:00:00,1
9,dadbc55c-86fb-3199-b015-67b3381ccbf9,-12.136199000000001,-77.025515,15,Quebrada de Armendáriz,10,2018-11-07 13:12:00.000,2018-11-07 13:57:00.000,0.0137,0.17415215398716774,POINT (-77.025515 -12.136199),898e62c52c3ffff,8a8e62c52c0ffff,2018-11-07 12:00:00,1
10,23ff1d2c-1974-362a-9f3f-288a4221c581,-12.129531,-77.02289300000001,15,Av. 28 de Julio,10,2019-02-16 04:01:00.000,2019-02-16 04:58:00.000,0.0137,0.18790100824931252,POINT (-77.02289300000001 -12.129531),898e62c566fffff,8a8e62c566e7fff,2019-02-16 12:00:00,1
11,cbcb8b19-1034-3957-a7c6-cf4b48ea547a,-12.131117,-77.034052,15,Vía Expresa Costa Verde,10,2019-05-18 11:28:00.000,2019-05-18 13:21:00.000,0.0137,0.2016498625114574,POINT (-77.034052 -12.131117),898e62ce5afffff,8a8e62ce5ad7fff,2019-05-18 12:00:00,1
12,e88dd382-ede8-3c22-abf7-bf16fb973182,-12.108257,-77.027299,15,Carlos Tenaud,10,2019-05-20 23:28:00.000,2019-05-21 00:13:00.000,0.0137,0.2153987167736022,POINT (-77.027299 -12.108257),898e62c56dbffff,8a8e62c56da7fff,2019-05-20 12:00:00,1
13,6194cafa-8596-347d-9ddc-d4d834ee834e,-12.126269,-77.0178,15,Av. Alfredo Benavides,10,2019-08-12 01:01:00.000,2019-08-12 02:29:00.000,0.0137,0.22914757103574698,POINT (-77.01779999999999 -12.126269),898e62c562bffff,8a8e62c562b7fff,2019-08-12 12:00:00,1
14,3ecde17c-4c37-351a-aea0-4e5f31a4196b,-12.122409,-77.020617,14,Av. Ricardo Palma,10,2019-01-19 23:07:00.000,2019-01-19 23:41:00.000,0.0128,0.2419798350137489,POINT (-77.020617 -12.122409),898e62c560fffff,8a8e62c560d7fff,2019-01-19 12:00:00,1
15,a6283706-a9ec-3e00-9e80-8bfb607cfa7b,-12.105527,-77.03314,14,Av. Santa Cruz,10,2019-04-11 19:17:00.000,2019-04-11 20:28:00.000,0.0128,0.2548120989917507,POINT (-77.03314 -12.105527),898e62c0babffff,8a8e62c0ba87fff,2019-04-11 12:00:00,1
16,f534403b-ab8d-35c4-bf1d-91455a1a4426,-12.130687,-77.034704,14,Vía Expresa Costa Verde,10,2019-06-07 13:31:00.000,2019-06-07 14:33:00.000,0.0128,0.2676443629697525,POINT (-77.034704 -12.130687),898e62ce5abffff,8a8e62ce5a8ffff,2019-06-07 12:00:00,1
17,530282b0-8b3a-3f4e-9766-8d2344a914d5,-12.111907,-77.052472,13,Vía Expresa Costa Verde,10,2019-01-19 04:48:00.000,2019-01-19 05:13:00.000,0.0119,0.2795600366636113,POINT (-77.05247199999999 -12.111907),898e62ce4b3ffff,8a8e62ce4b1ffff,2019-01-19 12:00:00,1
18,96b48315-9cce-3e09-a007-702f525b4f0f,-12.105103,-77.03279,13,Av. Santa Cruz,10,2019-06-29 00:19:00.000,2019-06-29 01:27:00.000,0.0119,0.2914757103574702,POINT (-77.03279000000001 -12.105103),898e62c0babffff,8a8e62c0ba87fff,2019-06-29 12:00:00,1
19,d1f8d202-9875-3ab1-83e2-745385af0db0,-12.126781,-77.037418,13,Vía Expresa Costa Verde,10,2019-08-15 16:08:00.000,2019-08-15 16:24:00.000,0.0119,0.30339138405132904,POINT (-77.037418 -12.126781),898e62ce517ffff,8a8e62ce5167fff,2019-08-15 12:00:00,1
20,a65c114f-896f-3a2a-a03c-dc9539b8dd83,-12.132774000000001,-77.03095,12,Via Expresa Costa Verde,10,2019-02-09 03:28:00.000,2019-02-09 03:54:00.000,0.011000000000000001,0.3143904674610449,POINT (-77.03095 -12.132774),898e62c52dbffff,8a8e62c52d97fff,2019-02-09 12:00:00,1
21,32b08a07-ff87-3a12-ad53-85e152b6e32c,-12.103895,-77.031827,12,Av. Santa Cruz,10,2019-04-11 18:02:00.000,2019-04-11 19:25:00.000,0.011000000000000001,0.3253895508707608,POINT (-77.03182700000001 -12.103895),898e62c0bbbffff,8a8e62c0bb8ffff,2019-04-11 12:00:00,1
22,e1a17dca-949d-3cc3-9352-b2e5624b62f6,-12.137231,-77.028212,11,Acceso Vía Expresa Costa Verde > Callao,10,2018-10-25 15:50:00.000,2018-10-25 16:24:00.000,0.0101,0.3354720439963336,POINT (-77.028212 -12.137231),898e62c52cbffff,8a8e62c52cf7fff,2018-10-25 12:00:00,1
23,d605f82b-1498-3976-8c6c-93a659f3ae74,-12.111856,-77.052531,11,Vía Expresa Costa Verde,10,2019-01-19 06:07:00.000,2019-01-19 06:27:00.000,0.0101,0.3455545371219065,POINT (-77.052531 -12.111856),898e62ce4b3ffff,8a8e62ce4b1ffff,2019-01-19 12:00:00,1
24,12bf081e-6bfd-3380-b340-a128c9d1b6bc,-12.133101,-77.030423,11,Vía Expresa Costa Verde,10,2019-02-02 22:41:00.000,2019-02-02 23:04:00.000,0.0101,0.3556370302474794,POINT (-77.030423 -12.133101),898e62c52dbffff,8a8e62c52d97fff,2019-02-02 12:00:00,1
25,aa350723-0a9c-36c7-a6c7-a09a726d6ca5,-12.130059,-77.03520999999999,11,Vía Expresa Costa Verde,10,2019-04-09 13:32:00.000,2019-04-09 13:52:00.000,0.0101,0.36571952337305225,POINT (-77.03520999999999 -12.130059),898e62ce5abffff,8a8e62ce5a87fff,2019-04-09 12:00:00,1
26,444e5872-b791-3286-990c-baa25ee7a8a1,-12.126257,-77.017876,11,Av. Alfredo Benavides,10,2019-08-12 03:22:00.000,2019-08-12 04:38:00.000,0.0101,0.3758020164986251,POINT (-77.017876 -12.126257),898e62c562bffff,8a8e62c562b7fff,2019-08-12 12:00:00,1
27,4b9b07c7-9f26-3f1c-9132-c65a44c1981a,-12.105285,-77.03294,11,Av. Santa Cruz,10,2019-08-21 23:31:00.000,2019-08-22 00:20:00.000,0.0101,0.385884509624198,POINT (-77.03294 -12.105285),898e62c0babffff,8a8e62c0ba87fff,2019-08-21 12:00:00,1
28,27ca0ee5-b732-3aca-8be5-85a4591c385f,-12.122438,-77.020098,10,Av. Ricardo Palma,10,2018-11-27 22:32:00.000,2018-11-27 23:28:00.000,0.0092,0.3950504124656279,POINT (-77.020098 -12.122438),898e62c560fffff,8a8e62c560d7fff,2018-11-27 12:00:00,1
29,2b52e3c4-5adf-3933-8b5b-93b3cbe292a7,-12.110610000000001,-77.05392900000001,10,Vía Expresa Costa Verde,10,2019-01-24 23:37:00.000,2019-01-24 23:57:00.000,0.0092,0.40421631530705776,POINT (-77.05392900000001 -12.11061),898e62ce4bbffff,8a8e62ce4ba7fff,2019-01-24 12:00:00,1
30,f4fd8a05-f551-3cee-a499-4ebef6ca57bc,-12.110577000000001,-77.05112700000001,10,Av. Augusto Pérez Araníbar,10,2019-01-28 01:37:00.000,2019-01-28 02:30:00.000,0.0092,0.4133822181484876,POINT (-77.05112700000001 -12.110577),898e62ce4b3ffff,8a8e62ce4b07fff,2019-01-28 12:00:00,1
31,f71af671-f1d0-3e19-a5ea-51cba6f21b8d,-12.132338,-77.031336,10,Vía Expresa Costa Verde,10,2019-02-09 07:23:00.000,2019-02-09 08:17:00.000,0.0092,0.4225481209899175,POINT (-77.031336 -12.132338),898e62ce5afffff,8a8e62ce5acffff,2019-02-09 12:00:00,1
32,e9ad67c0-9e01-33f0-b3d2-f157b960b25c,-12.126317,-77.01826899999999,10,Av. Alfredo Benavides,10,2019-05-09 23:25:00.000,2019-05-10 00:19:00.000,0.0092,0.4317140238313474,POINT (-77.01826899999999 -12.126317),898e62c5677ffff,8a8e62c562b7fff,2019-05-09 12:00:00,1
33,b942975e-32af-3942-98b5-199fa7fc8641,-12.116648,-77.049727,10,Vía Expresa Costa Verde,10,2019-08-05 23:53:00.000,2019-08-06 00:26:00.000,0.0092,0.4408799266727773,POINT (-77.049727 -12.116648),898e62ce4a7ffff,8a8e62ce4a57fff,2019-08-05 12:00:00,1
34,878fff7a-1daf-36ad-99bc-c230a63fee03,-12.114822,-77.028521,9,Av. Petit Thouars,10,2019-05-08 14:40:00.000,2019-05-08 15:00:00.000,0.0082,0.44912923923006415,POINT (-77.028521 -12.114822),898e62c5653ffff,8a8e62c56537fff,2019-05-08 12:00:00,1
35,5addcbd6-f442-3744-893c-eb0891b89cd8,-12.105651,-77.033242,9,Av. Santa Cruz,10,2019-06-28 22:02:00.000,2019-06-28 23:00:00.000,0.0082,0.457378551787351,POINT (-77.033242 -12.105651),898e62c0babffff,8a8e62c0ba87fff,2019-06-28 12:00:00,1
36,c07f6dff-bb4b-38ee-9a05-ce03ad3c5dd5,-12.12495,-77.024499,9,Av. Paseo de la República,10,2019-08-11 20:11:00.000,2019-08-11 20:50:00.000,0.0082,0.4656278643446379,POINT (-77.02449900000001 -12.12495),898e62c567bffff,8a8e62c567affff,2019-08-11 12:00:00,1
37,124eedbb-eb0e-3eb7-8221-b4d56471c10b,-12.126319,-77.01825600000001,9,Av. Alfredo Benavides,10,2019-08-12 02:26:00.000,2019-08-12 03:10:00.000,0.0082,0.4738771769019248,POINT (-77.01825600000001 -12.126319),898e62c5677ffff,8a8e62c562b7fff,2019-08-12 12:00:00,1
38,13e621fe-4383-3ab5-938c-a5c831f93333,-12.122383000000001,-77.02017,8,Av. Ricardo Palma,10,2018-11-13 16:13:00.000,2018-11-13 16:40:00.000,0.0073,0.4812098991750687,POINT (-77.02016999999999 -12.122383),898e62c560fffff,8a8e62c560d7fff,2018-11-13 12:00:00,1
39,eb7cbed6-7839-34bc-ae61-e16d26c0135e,-12.110365,-77.05121899999999,8,Av. Augusto Pérez Araníbar,10,2019-01-28 01:13:00.000,2019-01-28 01:53:00.000,0.0073,0.4885426214482126,POINT (-77.05121899999999 -12.110365),898e62ce4b3ffff,8a8e62ce4b07fff,2019-01-28 12:00:00,1
40,8008fe01-a207-3653-bdd8-6aa26d6c5881,-12.132356,-77.031308,8,Vía Expresa Costa Verde,10,2019-02-09 08:34:00.000,2019-02-09 09:34:00.000,0.0073,0.4958753437213566,POINT (-77.031308 -12.132356),898e62ce5afffff,8a8e62ce5acffff,2019-02-09 12:00:00,1
41,5e5543e7-6b0d-3249-bb99-c888f0bfa998,-12.129788000000001,-77.02226999999999,8,Av. 28 de Julio,10,2019-02-20 22:20:00.000,2019-02-20 22:52:00.000,0.0073,0.5032080659945004,POINT (-77.02226999999999 -12.129788),898e62c566fffff,8a8e62c566e7fff,2019-02-20 12:00:00,1
42,091e114a-c096-35ff-b044-e077172c7549,-12.123206,-77.01838000000001,8,Av. Ricardo Palma,10,2019-03-19 15:59:00.000,2019-03-19 16:24:00.000,0.0073,0.5105407882676444,POINT (-77.01838000000001 -12.123206),898e62c560fffff,8a8e62c560cffff,2019-03-19 12:00:00,1
43,cd47e124-22c2-3117-a83f-50e03c8458b1,-12.120738000000001,-77.018788,8,Av. Monseñor Roca y Boloña,10,2019-03-26 18:06:00.000,2019-03-26 18:39:00.000,0.0073,0.5178735105407882,POINT (-77.018788 -12.120738),898e62c560fffff,8a8e62c560e7fff,2019-03-26 12:00:00,1
44,2a9e616c-e131-3aae-9015-4d2e3f57aace,-12.122334,-77.005916,7,Av. Manuel Villarán,10,2018-10-17 22:35:00.000,2018-10-17 22:57:00.000,0.0064,0.5242896425297892,POINT (-77.005916 -12.122334),898e62c50d3ffff,8a8e62c50d17fff,2018-10-17 12:00:00,1
45,485b0343-d3d5-38e5-a24d-96fc5b62bf1a,-12.134614,-77.02356999999999,7,Calle Parque Armendáriz,10,2018-11-07 13:45:00.000,2018-11-07 13:59:00.000,0.0064,0.5307057745187901,POINT (-77.02356999999999 -12.134614),898e62c52d7ffff,8a8e62c52d5ffff,2018-11-07 12:00:00,1
46,4d086ef8-8ec0-30d1-b6c9-44280beed1f8,-12.123285000000001,-77.015039,7,Av. Ricardo Palma,10,2019-01-12 20:06:00.000,2019-01-12 20:46:00.000,0.0064,0.537121906507791,POINT (-77.015039 -12.123285),898e62c5633ffff,8a8e62c56317fff,2019-01-12 12:00:00,1
47,ce1f884b-6869-3cf8-81c4-05ee92207b73,-12.132774000000001,-77.03075,7,Vía Expresa Costa Verde,10,2019-02-09 04:05:00.000,2019-02-09 04:39:00.000,0.0064,0.5435380384967919,POINT (-77.03075 -12.132774),898e62c52dbffff,8a8e62c52db7fff,2019-02-09 12:00:00,1
48,16fb2e11-173b-3190-b3c1-1633d80fb152,-12.126571,-77.035878,7,Bolognesi,10,2019-03-06 16:35:00.000,2019-03-06 17:19:00.000,0.0064,0.5499541704857929,POINT (-77.035878 -12.126571),898e62ce5bbffff,8a8e62ce5b97fff,2019-03-06 12:00:00,1
49,910311ab-e559-3722-a670-0c87e0c9704b,-12.127594,-77.034474,7,Malecón 28 de Julio,10,2019-03-09 03:38:00.000,2019-03-09 04:07:00.000,0.0064,0.5563703024747938,POINT (-77.034474 -12.127594),898e62ce5bbffff,8a8e62ce5aa7fff,2019-03-09 12:00:00,1
50,c675afc2-77ce-3121-9c95-dea3900a1d6d,-12.121825,-77.020125,7,Av. Monseñor Roca y Boloña,10,2019-05-11 22:12:00.000,2019-05-11 22:41:00.000,0.0064,0.5627864344637947,POINT (-77.02012499999999 -12.121825),898e62c560fffff,8a8e62c560f7fff,2019-05-11 12:00:00,1
51,02d0b581-6a2a-38ae-b43e-f10b2823df6d,-12.122771,-77.043217,7,Vía Expresa Costa Verde,10,2019-05-25 14:48:00.000,2019-05-25 15:14:00.000,0.0064,0.5692025664527957,POINT (-77.043217 -12.122771),898e62ce5c7ffff,8a8e62ce5c67fff,2019-05-25 12:00:00,1
52,2eaf6d8d-947c-3d51-ae7f-a789b67daf33,-12.123312,-77.018681,7,Av. Ricardo Palma,10,2019-07-13 18:00:00.000,2019-07-13 18:41:00.000,0.0064,0.5756186984417965,POINT (-77.018681 -12.123312),898e62c560fffff,8a8e62c560cffff,2019-07-13 12:00:00,1
53,fd0e8f71-d4c2-3b7f-a1cb-2a268a4924e5,-12.125306,-77.024049,7,Av. Alfredo Benavides,10,2019-08-16 17:24:00.000,2019-08-16 18:05:00.000,0.0064,0.5820348304307974,POINT (-77.02404900000001 -12.125306),898e62c567bffff,8a8e62c567affff,2019-08-16 12:00:00,1
54,b1659de5-96ef-3015-a8ec-a4c09e1f7b70,-12.122086,-77.02516999999999,6,Av. Paseo de la República,10,2018-10-12 03:21:00.000,2018-10-12 03:55:00.000,0.0055,0.5875343721356554,POINT (-77.02516999999999 -12.122086),898e62c5647ffff,8a8e62c56447fff,2018-10-12 12:00:00,1
55,67803806-ed34-357f-ae39-730e57baf991,-12.125932,-77.01986,6,Av. Alfredo Benavides,10,2018-10-27 07:23:00.000,2018-10-27 08:00:00.000,0.0055,0.5930339138405133,POINT (-77.01985999999999 -12.125932),898e62c5677ffff,8a8e62c56747fff,2018-10-27 12:00:00,1
56,6a15eec6-6a04-3ecc-8440-beb3f2302040,-12.120435,-77.015498,6,Av. Monseñor Roca y Boloña,10,2018-11-23 23:49:00.000,2018-11-24 00:05:00.000,0.0055,0.5985334555453712,POINT (-77.01549799999999 -12.120435),898e62c5607ffff,8a8e62c5606ffff,2018-11-23 12:00:00,1
57,bcae5f1a-d484-37f1-a0f4-227a6d877e0e,-12.109135,-77.05265,6,Av. Augusto Pérez Araníbar,10,2019-01-28 02:49:00.000,2019-01-28 03:28:00.000,0.0055,0.6040329972502292,POINT (-77.05265 -12.109135),898e62ce487ffff,8a8e62ce486ffff,2019-01-28 12:00:00,1
58,766f3634-e2dd-3d5e-a73a-2fff9e539163,-12.110201,-77.051552,6,Av. Augusto Pérez Araníbar,10,2019-01-28 03:00:00.000,2019-01-28 03:57:00.000,0.0055,0.6095325389550871,POINT (-77.051552 -12.110201),898e62ce4b3ffff,8a8e62ce4b07fff,2019-01-28 12:00:00,1
59,f4dc14c1-7f1e-3a2b-aff9-35266d91c898,-12.132271000000001,-77.031441,6,Vía Expresa Costa Verde,10,2019-02-09 09:42:00.000,2019-02-09 10:11:00.000,0.0055,0.615032080659945,POINT (-77.031441 -12.132271),898e62ce5afffff,8a8e62ce5acffff,2019-02-09 12:00:00,1
60,f6da8ce4-070c-3bbf-80eb-e960a7311baa,-12.125646000000001,-77.024292,6,Salida 9 / Av. Reducto - 28 de Julio,10,2019-02-09 22:57:00.000,2019-02-09 23:25:00.000,0.0055,0.620531622364803,POINT (-77.024292 -12.125646),898e62c567bffff,8a8e62c567affff,2019-02-09 12:00:00,1
61,af31af2c-1808-35ab-a243-2e9d955b666d,-12.125297999999999,-77.024098,6,Av. Alfredo Benavides,10,2019-02-09 23:07:00.000,2019-02-09 23:54:00.000,0.0055,0.6260311640696609,POINT (-77.024098 -12.125298),898e62c567bffff,8a8e62c567affff,2019-02-09 12:00:00,1
62,725fbe65-2a66-382e-b8a3-4b8a023b7364,-12.121815,-77.025247,6,Av. Paseo de la República,10,2019-02-28 21:48:00.000,2019-02-28 22:22:00.000,0.0055,0.6315307057745188,POINT (-77.02524699999999 -12.121815),898e62c5647ffff,8a8e62c56447fff,2019-02-28 12:00:00,1
63,6472a334-45bb-341e-9892-c45ec3b67b32,-12.11103,-77.05502299999999,6,Vía Expresa Costa Verde,10,2019-03-09 14:17:00.000,2019-03-09 14:30:00.000,0.0055,0.6370302474793768,POINT (-77.05502299999999 -12.11103),898e62ce4bbffff,8a8e62ce4bb7fff,2019-03-09 12:00:00,1
64,4eb1f2cc-6785-30e8-8b68-2ca9172d9841,-12.125752,-77.029387,6,Av. José Larco,10,2019-03-13 20:08:00.000,2019-03-13 20:55:00.000,0.0055,0.6425297891842346,POINT (-77.029387 -12.125752),898e62ce5b7ffff,8a8e62ce5b77fff,2019-03-13 12:00:00,1
65,c5ad7aa1-1cf3-3ace-979f-a3d3cf66f8af,-12.126544,-77.037634,6,Vía Expresa Costa Verde,10,2019-05-20 01:21:00.000,2019-05-20 01:52:00.000,0.0055,0.6480293308890925,POINT (-77.037634 -12.126544),898e62ce517ffff,8a8e62ce5167fff,2019-05-20 12:00:00,1
66,fe79d998-d76d-38ba-b6d6-ffcfec1b1c97,-12.127618,-77.013901,6,José Antonio Encinas,10,2019-05-28 23:00:00.000,2019-05-28 23:31:00.000,0.0055,0.6535288725939505,POINT (-77.013901 -12.127618),898e62c5623ffff,8a8e62c5621ffff,2019-05-28 12:00:00,1
67,b9c9af3b-f3cd-3da3-81ef-0ea80c6b75b5,-12.130142999999999,-77.024661,6,Av. Vasco Núñez de Balboa,10,2019-06-20 17:17:00.000,2019-06-20 18:03:00.000,0.0055,0.6590284142988084,POINT (-77.02466099999999 -12.130143),898e62c566fffff,8a8e62c566d7fff,2019-06-20 12:00:00,1
68,4e797198-a64c-32da-b788-0f7115d3aea8,-12.138272,-77.027041,5,Acceso Vía Expresa Costa Verde > Callao,10,2018-11-07 13:52:00.000,2018-11-07 14:50:00.000,0.0046,0.6636113657195234,POINT (-77.027041 -12.138272),898e62c52cfffff,8a8e62c52cc7fff,2018-11-07 12:00:00,1
69,50852c70-1a48-3272-ac20-e50fd026a56a,-12.109809,-77.054325,5,Bajada San Martín,10,2018-11-07 21:11:00.000,2018-11-07 21:25:00.000,0.0046,0.6681943171402384,POINT (-77.05432500000001 -12.109809),898e62ce487ffff,8a8e62ce485ffff,2018-11-07 12:00:00,1
70,ee0e1028-b6d0-3991-a4e6-484a6fefc50a,-12.122795,-77.019806,5,Av. Ricardo Palma,10,2019-01-22 12:57:00.000,2019-01-22 13:00:00.000,0.0046,0.6727772685609532,POINT (-77.019806 -12.122795),898e62c560fffff,8a8e62c560dffff,2019-01-22 12:00:00,1
71,fd336756-07ee-3d71-bb80-4f772edb8221,-12.124756,-77.022177,5,Av. Casimiro Ulloa,10,2019-02-05 01:17:00.000,2019-02-05 01:51:00.000,0.0046,0.6773602199816682,POINT (-77.022177 -12.124756),898e62c5673ffff,8a8e62c5670ffff,2019-02-05 12:00:00,1
72,1414f93b-9214-3fed-981e-5c071d52307d,-12.122637,-77.01980999999999,5,Av. Ricardo Palma,10,2019-03-19 14:55:00.000,2019-03-19 15:28:00.000,0.0046,0.6819431714023831,POINT (-77.01980999999999 -12.122637),898e62c560fffff,8a8e62c560c7fff,2019-03-19 12:00:00,1
73,33e7472b-fc66-373e-b42a-ded0a89e176b,-12.105587,-77.03319,5,Av. Santa Cruz,10,2019-04-11 19:00:00.000,2019-04-11 20:03:00.000,0.0046,0.6865261228230981,POINT (-77.03319 -12.105587),898e62c0babffff,8a8e62c0ba87fff,2019-04-11 12:00:00,1
74,747f1360-2886-3040-b449-d807996e92f5,-12.119944,-77.023794,5,Av. Ricardo Palma,10,2019-04-17 14:18:00.000,2019-04-17 15:11:00.000,0.0046,0.6911090742438131,POINT (-77.023794 -12.119944),898e62c560bffff,8a8e62c56097fff,2019-04-17 12:00:00,1
75,15598300-2980-3fc5-ba1a-6497d67fc4de,-12.126783,-77.014484,5,Av. Alfredo Benavides,10,2019-05-09 22:21:00.000,2019-05-09 23:09:00.000,0.0046,0.6956920256645279,POINT (-77.014484 -12.126783),898e62c5623ffff,8a8e62c5621ffff,2019-05-09 12:00:00,1
76,6e0a5254-0ace-3b06-8df6-742afb78baca,-12.126671,-77.015206,5,Av. Alfredo Benavides,10,2019-05-09 22:22:00.000,2019-05-09 23:43:00.000,0.0046,0.7002749770852429,POINT (-77.01520600000001 -12.126671),898e62c5623ffff,8a8e62c56217fff,2019-05-09 12:00:00,1
77,b2ad2d4d-2889-32d6-9af2-7d5a1d785002,-12.128254,-77.005832,5,Av. Alfredo Benavides,10,2019-06-18 21:14:00.000,2019-06-18 21:46:00.000,0.0046,0.7048579285059579,POINT (-77.005832 -12.128254),898e62c50cfffff,8a8e62c50cd7fff,2019-06-18 12:00:00,1
78,f8fe5b96-18a0-3f28-80e2-cce64081febf,-12.123053,-77.019349,5,Av. Ricardo Palma,10,2019-07-13 17:38:00.000,2019-07-13 18:18:00.000,0.0046,0.7094408799266728,POINT (-77.01934900000001 -12.123053),898e62c560fffff,8a8e62c560dffff,2019-07-13 12:00:00,1
79,183bffea-eea4-3707-a655-2f190f1a9cc8,-12.126371,-77.017155,5,Av. Alfredo Benavides,9,2018-10-14 19:18:00.000,2018-10-14 19:42:00.000,0.0046,0.7140238313473877,POINT (-77.017155 -12.126371),898e62c562bffff,8a8e62c562b7fff,2018-10-14 12:00:00,1
80,7eccd453-af19-3ecb-ac29-f7ddba26652d,-12.130203,-77.03508199999999,5,Vía Expresa Costa Verde,9,2018-10-20 10:54:00.000,2018-10-20 11:17:00.000,0.0046,0.7186067827681026,POINT (-77.03508199999999 -12.130203),898e62ce5abffff,8a8e62ce5a8ffff,2018-10-20 12:00:00,1
81,c6ba9bd9-d739-3730-ae82-d0fedab52036,-12.135889,-77.024935,5,Quebrada de Armendáriz,9,2018-11-07 12:22:00.000,2018-11-07 13:23:00.000,0.0046,0.7231897341888176,POINT (-77.024935 -12.135889),898e62c52c7ffff,8a8e62c52c77fff,2018-11-07 12:00:00,1
82,536a8e04-974b-37ce-b138-7c849f5cbdcb,-12.113381,-77.049196,5,Malecón de la Marina,9,2019-01-30 23:43:00.000,2019-01-31 00:28:00.000,0.0046,0.7277726856095326,POINT (-77.04919599999999 -12.113381),898e62ce4b7ffff,8a8e62ce4b5ffff,2019-01-30 12:00:00,1
83,720ca512-b32f-3d60-b4d6-426fb59f987a,-12.125166,-77.022386,5,Ramón Ribeyro,9,2019-04-06 18:39:00.000,2019-04-06 19:15:00.000,0.0046,0.7323556370302475,POINT (-77.022386 -12.125166),898e62c5673ffff,8a8e62c56627fff,2019-04-06 12:00:00,1
84,96f3550b-f372-3662-81ec-fcdf8f26cf8b,-12.107486,-77.034655,5,Av. Santa Cruz,9,2019-04-11 18:57:00.000,2019-04-11 19:46:00.000,0.0046,0.7369385884509624,POINT (-77.034655 -12.107486),898e62c0b07ffff,8a8e62c0b06ffff,2019-04-11 12:00:00,1
85,f4a8122f-0477-3710-bd27-eb2ae64bd0b4,-12.128044000000001,-77.035358,4,Puente Mellizo Villena Rey,10,2018-10-26 23:07:00.000,2018-10-26 23:17:00.000,0.0037,0.7406049495875344,POINT (-77.035358 -12.128044),898e62ce5abffff,8a8e62ce5ab7fff,2018-10-26 12:00:00,1
86,418908f9-4b0c-326e-95db-c48612c33cec,-12.125160000000001,-77.025518,4,Av. Alfredo Benavides,10,2018-11-27 22:09:00.000,2018-11-27 22:38:00.000,0.0037,0.7442713107241063,POINT (-77.02551800000001 -12.12516),898e62c567bffff,8a8e62c56787fff,2018-11-27 12:00:00,1
87,045ecbd8-6932-3666-8a79-a45107d75fd2,-12.127092999999999,-77.034225,4,Malecón 28 de Julio,10,2019-03-09 02:21:00.000,2019-03-09 02:57:00.000,0.0037,0.7479376718606783,POINT (-77.03422500000001 -12.127093),898e62ce5bbffff,8a8e62ce5b8ffff,2019-03-09 12:00:00,1
88,8af283be-1249-378e-a58e-7b38f65b73b5,-12.124731,-77.027837,4,Av. Alfredo Benavides,9,2018-10-25 12:28:00.000,2018-10-25 12:59:00.000,0.0037,0.7516040329972502,POINT (-77.02783700000001 -12.124731),898e62c564fffff,8a8e62c564cffff,2018-10-25 12:00:00,1
89,5e3987f3-b982-3771-971a-0c64ce794db4,-12.125760000000001,-77.029388,4,Av. José Larco,9,2018-10-25 14:26:00.000,2018-10-25 14:56:00.000,0.0037,0.7552703941338221,POINT (-77.029388 -12.12576),898e62ce5b7ffff,8a8e62ce5b77fff,2018-10-25 12:00:00,1
90,f0b9802a-c6f6-37d9-b266-f01745d15e7b,-12.131159,-77.03329000000001,4,Vía Expresa Costa Verde,9,2018-11-06 14:43:00.000,2018-11-06 15:15:00.000,0.0037,0.7589367552703942,POINT (-77.03329000000001 -12.131159),898e62ce5afffff,8a8e62ce5ad7fff,2018-11-06 12:00:00,1
91,e38bfbfa-de6b-3135-a637-a9f9787bbbbb,-12.135887,-77.024547,4,Quebrada de Armendáriz,9,2018-11-07 12:04:00.000,2018-11-07 12:42:00.000,0.0037,0.7626031164069661,POINT (-77.024547 -12.135887),898e62c52c7ffff,8a8e62c52c77fff,2018-11-07 12:00:00,1
92,a40e484e-9548-3be2-98b9-682d8c6b425b,-12.136803,-77.028672,4,Vía Expresa Costa Verde,9,2018-11-12 23:59:00.000,2018-11-13 00:28:00.000,0.0037,0.7662694775435379,POINT (-77.028672 -12.136803),898e62c52cbffff,8a8e62c52caffff,2018-11-12 12:00:00,1
93,fa780b46-a1cd-3779-9421-f815629ec5e6,-12.134603,-77.023383,4,Quebrada de Armendáriz,9,2018-11-18 11:13:00.000,2018-11-18 12:02:00.000,0.0037,0.76993583868011,POINT (-77.023383 -12.134603),898e62c52d7ffff,8a8e62c52d4ffff,2018-11-18 12:00:00,1
94,38cb5b10-62f7-3ab0-b427-0603ad5d1ec0,-12.124884,-77.024514,4,Av. Paseo de la República,9,2018-11-22 00:36:00.000,2018-11-22 00:43:00.000,0.0037,0.773602199816682,POINT (-77.024514 -12.124884),898e62c567bffff,8a8e62c567affff,2018-11-22 12:00:00,1
95,3a483dc7-3dbd-3e3e-b15c-e9f0276d6008,-12.131181,-77.033232,4,Vía Expresa Costa Verde,9,2019-01-04 17:07:00.000,2019-01-04 17:37:00.000,0.0037,0.7772685609532539,POINT (-77.033232 -12.131181),898e62ce5afffff,8a8e62ce5ad7fff,2019-01-04 12:00:00,1
96,accae86b-5a96-3872-b6d1-2ecc2d5b03d3,-12.113036,-77.051175,4,Vía Expresa Costa Verde,9,2019-02-14 01:17:00.000,2019-02-14 01:21:00.000,0.0037,0.7809349220898258,POINT (-77.051175 -12.113036),898e62ce4a3ffff,8a8e62ce4a27fff,2019-02-14 12:00:00,1
97,29d86512-62ce-36ff-8225-a911cb669c0f,-12.123569,-77.03877800000001,4,Av. de la Aviación,9,2019-02-20 00:51:00.000,2019-02-20 01:03:00.000,0.0037,0.7846012832263978,POINT (-77.03877800000001 -12.123569),898e62ce58fffff,8a8e62ce58d7fff,2019-02-20 12:00:00,1
98,901d7133-c3ed-31ba-9bf6-fb1ba0f4f55d,-12.120186,-77.034374,4,Berlín,9,2019-03-19 12:20:00.000,2019-03-19 12:50:00.000,0.0037,0.7882676443629697,POINT (-77.034374 -12.120186),898e62ce597ffff,8a8e62ce595ffff,2019-03-19 12:00:00,1
99,0f3ba3b8-4b91-3e21-aae2-245c685fe9b6,-12.125047,-77.024478,4,Av. Paseo de la República,9,2019-03-21 01:05:00.000,2019-03-21 01:15:00.000,0.0037,0.7919340054995417,POINT (-77.024478 -12.125047),898e62c567bffff,8a8e62c567affff,2019-03-21 12:00:00,1
100,50372ba4-eac5-39bf-b760-01a5866d3109,-12.113595,-77.027813,4,Av. Angamos Este,9,2019-04-19 00:04:00.000,2019-04-19 00:33:00.000,0.0037,0.7956003666361137,POINT (-77.02781299999999 -12.113595),898e62c56cbffff,8a8e62c56c9ffff,2019-04-19 12:00:00,1
101,666149a5-728c-3bc4-8227-02edf3c6d5b6,-12.128873,-77.036439,4,Vía Expresa Costa Verde,9,2019-05-20 14:00:00.000,2019-05-20 14:15:00.000,0.0037,0.7992667277726856,POINT (-77.036439 -12.128873),898e62ce5abffff,8a8e62ce5a97fff,2019-05-20 12:00:00,1
102,1beb51fe-70cc-3dab-a711-0ab84efcd1a7,-12.128267999999998,-77.005742,4,Av. Alfredo Benavides,9,2019-06-18 21:05:00.000,2019-06-18 21:11:00.000,0.0037,0.8029330889092575,POINT (-77.005742 -12.128268),898e62c50cfffff,8a8e62c50cf7fff,2019-06-18 12:00:00,1
103,404d92a2-9fe4-3977-bcae-856ad2ab3599,-12.124134,-77.03384,4,Recavarren,8,2019-03-06 15:48:00.000,2019-03-06 16:28:00.000,0.0037,0.8065994500458296,POINT (-77.03384 -12.124134),898e62ce587ffff,8a8e62ce584ffff,2019-03-06 12:00:00,1
104,8c8e3003-2add-3bb8-bfa5-e7ddbb730205,-12.126130999999999,-77.00921,4,Av. José Ramírez Gastón,8,2019-03-14 15:14:00.000,2019-03-14 15:45:00.000,0.0037,0.8102658111824015,POINT (-77.00921 -12.126131),898e62c50cbffff,8a8e62c5634ffff,2019-03-14 12:00:00,1
105,3710f240-7e59-3bb4-9577-fb615659e7ee,-12.113589,-77.027693,4,Av. Angamos Este,8,2019-06-05 17:04:00.000,2019-06-05 17:45:00.000,0.0037,0.8139321723189734,POINT (-77.027693 -12.113589),898e62c56cbffff,8a8e62c56c9ffff,2019-06-05 12:00:00,1
106,07bd6158-a193-3d22-a156-a163b8c91842,-12.104661,-77.032147,4,Asunción,8,2019-06-28 21:55:00.000,2019-06-28 22:24:00.000,0.0037,0.8175985334555453,POINT (-77.03214699999999 -12.104661),898e62c0babffff,8a8e62c0baa7fff,2019-06-28 12:00:00,1
107,77c30a83-d753-3f63-84e8-0168fc7c389e,-12.123209,-77.019058,4,Av. Ricardo Palma,8,2019-07-13 17:03:00.000,2019-07-13 17:32:00.000,0.0037,0.8212648945921174,POINT (-77.019058 -12.123209),898e62c560fffff,8a8e62c560cffff,2019-07-13 12:00:00,1
108,dc11889a-abe5-341b-93b4-b008acd3e405,-12.125582000000001,-77.023771,4,Av. Paseo de la República,8,2019-08-16 17:24:00.000,2019-08-16 18:03:00.000,0.0037,0.8249312557286893,POINT (-77.023771 -12.125582),898e62c5663ffff,8a8e62c56637fff,2019-08-16 12:00:00,1
109,ff2996ad-5767-371e-b191-3fb1fb89337a,-12.109744000000001,-77.04793599999999,3,Mariano Melgar,9,2019-01-28 00:29:00.000,2019-01-28 01:04:00.000,0.0027,0.8276810265811182,POINT (-77.04793599999999 -12.109744),898e62c0b4fffff,8a8e62c0b4c7fff,2019-01-28 12:00:00,1
110,19bba615-932e-3038-ae97-f7972c3351b8,-12.126479,-77.01716400000001,3,Av. Alfredo Benavides,8,2018-10-14 19:01:00.000,2018-10-14 19:04:00.000,0.0027,0.8304307974335472,POINT (-77.01716400000001 -12.126479),898e62c562bffff,8a8e62c562b7fff,2018-10-14 12:00:00,1
111,a11d48be-3a76-3df1-9d65-29374c7f9553,-12.122729,-77.030281,3,Schell,8,2018-11-18 11:19:00.000,2018-11-18 11:50:00.000,0.0027,0.8331805682859762,POINT (-77.030281 -12.122729),898e62c564fffff,8a8e62c5648ffff,2018-11-18 12:00:00,1
112,3825b2b7-5a30-32a5-b503-86850288f886,-12.12214,-77.02036,3,Av. Monseñor Roca y Boloña,8,2018-11-27 22:29:00.000,2018-11-27 23:04:00.000,0.0027,0.8359303391384051,POINT (-77.02036 -12.12214),898e62c560fffff,8a8e62c560d7fff,2018-11-27 12:00:00,1
113,a7ec36a5-f923-3a5a-801b-6461b3d5c3f1,-12.131833,-77.029574,3,Av. Armendáriz,8,2019-01-04 18:44:00.000,2019-01-04 18:55:00.000,0.0027,0.8386801099908341,POINT (-77.029574 -12.131833),898e62c52dbffff,8a8e62c52da7fff,2019-01-04 12:00:00,1
114,e702f15b-1515-3aff-9ae6-623519e934f9,-12.11384,-77.029725,3,Av. Arequipa,8,2019-01-24 07:42:00.000,2019-01-24 08:12:00.000,0.0027,0.8414298808432631,POINT (-77.029725 -12.11384),898e62c0b27ffff,8a8e62c0b26ffff,2019-01-24 12:00:00,1
115,382ca999-b8b6-342d-b3be-fcb8e8665bc3,-12.123387,-77.021218,3,Av. Casimiro Ulloa,8,2019-02-19 22:45:00.000,2019-02-19 23:16:00.000,0.0027,0.844179651695692,POINT (-77.021218 -12.123387),898e62c5673ffff,8a8e62c5672ffff,2019-02-19 12:00:00,1
116,46696de9-ad65-3d95-865e-88682d684278,-12.124533,-77.029125,3,Av. Alfredo Benavides,8,2019-03-13 19:41:00.000,2019-03-13 20:17:00.000,0.0027,0.8469294225481209,POINT (-77.02912499999999 -12.124533),898e62c564fffff,8a8e62c564dffff,2019-03-13 12:00:00,1
117,4799f1cb-a947-3fc6-98b7-f7031af8d230,-12.132247,-77.031658,3,Vía Expresa Costa Verde,8,2019-05-11 10:48:00.000,2019-05-11 11:10:00.000,0.0027,0.8496791934005501,POINT (-77.03165799999999 -12.132247),898e62ce5afffff,8a8e62ce5acffff,2019-05-11 12:00:00,1
118,5173ab04-0b07-33cd-b408-a5a248721548,-12.131344,-77.03019599999999,3,Malecón de la Reserva,8,2019-05-14 18:43:00.000,2019-05-14 19:13:00.000,0.0027,0.8524289642529789,POINT (-77.03019599999999 -12.131344),898e62ce5a7ffff,8a8e62ce5a5ffff,2019-05-14 12:00:00,1
119,edcc98d5-6537-328f-bd79-b7989e55b6f2,-12.131304,-77.03371,3,Vía Expresa Costa Verde,8,2019-05-20 01:03:00.000,2019-05-20 01:20:00.000,0.0027,0.8551787351054079,POINT (-77.03371 -12.131304),898e62ce5afffff,8a8e62ce5ad7fff,2019-05-20 12:00:00,1
120,e1d6c73a-db73-31ca-8ee4-47b551ae0768,-12.113658000000001,-77.027393,3,Av. Angamos Este,8,2019-06-03 01:34:00.000,2019-06-03 02:06:00.000,0.0027,0.8579285059578369,POINT (-77.027393 -12.113658),898e62c56cbffff,8a8e62c56c8ffff,2019-06-03 12:00:00,1
121,73485aa2-5680-31dc-90cf-d5c569b00065,-12.132228999999999,-77.029063,3,Av. Armendáriz,8,2019-06-03 23:18:00.000,2019-06-03 23:47:00.000,0.0027,0.8606782768102658,POINT (-77.02906299999999 -12.132229),898e62c52dbffff,8a8e62c52da7fff,2019-06-03 12:00:00,1
122,43cbb4e9-52f4-3b83-ae9a-86e7c2350630,-12.124276,-77.010339,3,Av. Manuel Villarán,8,2019-06-13 13:35:00.000,2019-06-13 13:57:00.000,0.0027,0.8634280476626948,POINT (-77.010339 -12.124276),898e62c5637ffff,8a8e62c56347fff,2019-06-13 12:00:00,1
123,f3590ee5-2d66-3772-94eb-b6f2ccc5608c,-12.126638999999999,-77.023413,3,Av. Paseo de la República,8,2019-06-20 16:02:00.000,2019-06-20 16:27:00.000,0.0027,0.8661778185151238,POINT (-77.02341300000001 -12.126639),898e62c5663ffff,8a8e62c56637fff,2019-06-20 12:00:00,1
124,fae8369f-2c8e-326b-bd6d-b20742ea0b91,-12.122563000000001,-77.006254,3,Av. Manuel Villarán,8,2019-07-18 00:32:00.000,2019-07-18 00:47:00.000,0.0027,0.8689275893675527,POINT (-77.006254 -12.122563),898e62c50dbffff,8a8e62c50daffff,2019-07-18 12:00:00,1
125,e5c5a164-ea72-3dd2-af89-7f4759cd7853,-12.136128,-77.0254,3,Quebrada de Armendáriz,8,2019-07-21 02:36:00.000,2019-07-21 02:46:00.000,0.0027,0.8716773602199817,POINT (-77.0254 -12.136128),898e62c52c3ffff,8a8e62c52c0ffff,2019-07-21 12:00:00,1
126,7a3c8267-3425-3893-bac5-058cc6b74d39,-12.116655,-77.045114,3,Av. Del Ejército,8,2019-08-25 02:06:00.000,2019-08-25 02:35:00.000,0.0027,0.8744271310724107,POINT (-77.045114 -12.116655),898e62ce5d3ffff,8a8e62ce5d27fff,2019-08-25 12:00:00,1
127,522d2cdc-4a1d-33b2-a907-9e12da9e39fc,-12.125755999999999,-77.023831,3,Acceso a Vía Expresa Paseo de la República,7,2018-10-21 08:42:00.000,2018-10-21 09:08:00.000,0.0027,0.8771769019248395,POINT (-77.023831 -12.125756),898e62c5663ffff,8a8e62c56637fff,2018-10-21 12:00:00,1
128,930ab173-d8ce-3eef-9598-f4e3ffca6bb0,-12.135251,-77.02500699999999,3,Av. Armendáriz,7,2018-10-28 13:03:00.000,2018-10-28 13:32:00.000,0.0027,0.8799266727772685,POINT (-77.02500699999999 -12.135251),898e62c52c3ffff,8a8e62c52c2ffff,2018-10-28 12:00:00,1
129,8b281fa3-d636-313e-be60-78a4fa8a82da,-12.121835,-77.02900600000001,3,Av. José Larco,7,2019-01-22 21:04:00.000,2019-01-22 21:36:00.000,0.0027,0.8826764436296975,POINT (-77.02900600000001 -12.121835),898e62c564fffff,8a8e62c564f7fff,2019-01-22 12:00:00,1
130,00cc63d1-f63d-3afe-8179-b78af7d3e6e7,-12.113696000000001,-77.028001,3,Av. Angamos Este,7,2019-02-19 11:53:00.000,2019-02-19 12:26:00.000,0.0027,0.8854262144821264,POINT (-77.028001 -12.113696),898e62c56cbffff,8a8e62c56c9ffff,2019-02-19 12:00:00,1
131,3406ffec-9ab0-373a-9902-6efd29cc926e,-12.113779,-77.02950899999999,3,Av. Angamos Este,7,2019-03-18 11:14:00.000,2019-03-18 11:53:00.000,0.0027,0.8881759853345554,POINT (-77.02950899999999 -12.113779),898e62c0b27ffff,8a8e62c0b26ffff,2019-03-18 12:00:00,1
132,de04b4e9-0353-38c2-8aa8-7a2188e034d7,-12.114003,-77.036513,3,Av. Angamos Oeste,7,2019-05-16 11:10:00.000,2019-05-16 11:58:00.000,0.0027,0.8909257561869844,POINT (-77.036513 -12.114003),898e62c0b2bffff,8a8e62c0b287fff,2019-05-16 12:00:00,1
133,3b92a9d1-88e0-391f-a59e-dc26d321c221,-12.122679,-77.006423,3,Av. Manuel Villarán,7,2019-05-21 20:15:00.000,2019-05-21 20:44:00.000,0.0027,0.8936755270394133,POINT (-77.006423 -12.122679),898e62c50dbffff,8a8e62c50daffff,2019-05-21 12:00:00,1
134,1ad9b39a-23b1-3cfa-a3f6-72e54b76ff12,-12.1145,-77.027923,3,General Vidal,7,2019-05-24 16:41:00.000,2019-05-24 17:15:00.000,0.0027,0.8964252978918423,POINT (-77.027923 -12.1145),898e62c56cbffff,8a8e62c56c9ffff,2019-05-24 12:00:00,1
135,09d22fbe-b113-3791-ab80-23c6278ae043,-12.11867,-77.010063,3,Av. Monseñor Roca y Boloña,7,2019-06-25 20:14:00.000,2019-06-25 20:39:00.000,0.0027,0.8991750687442713,POINT (-77.010063 -12.11867),898e62c56a3ffff,8a8e62c56a1ffff,2019-06-25 12:00:00,1
136,64c45d8e-6a70-3f14-979e-825fe3381c0f,-12.128738,-77.01800300000001,3,Av. Roosevelt,7,2019-08-12 02:56:00.000,2019-08-12 03:25:00.000,0.0027,0.9019248395967002,POINT (-77.01800300000001 -12.128738),898e62c562bffff,8a8e62c5629ffff,2019-08-12 12:00:00,1
137,6a02a112-aa3a-3c65-8224-6d8c943df7b4,-12.126806,-77.037151,3,Bajada Balta,7,2019-08-15 16:07:00.000,2019-08-15 16:37:00.000,0.0027,0.9046746104491292,POINT (-77.03715099999999 -12.126806),898e62ce517ffff,8a8e62ce5167fff,2019-08-15 12:00:00,1
138,bdf6feb8-4bc2-39a9-a02d-ab20e1eab022,-12.130633,-77.03444,2,Vía Expresa Costa Verde,8,2018-11-06 14:49:00.000,2018-11-06 15:20:00.000,0.0018,0.9065077910174152,POINT (-77.03444 -12.130633),898e62ce5abffff,8a8e62ce5a8ffff,2018-11-06 12:00:00,1
139,4cc671ea-b5b9-3b19-8015-ccd791b9b508,-12.127344,-77.036635,2,Bajada Balta,7,2018-10-06 18:40:00.000,2018-10-06 19:09:00.000,0.0018,0.9083409715857012,POINT (-77.036635 -12.127344),898e62ce517ffff,8a8e62ce516ffff,2018-10-06 12:00:00,1
140,e813721d-1d70-3a52-a8ec-9fc858e66658,-12.116652,-77.02941700000001,2,Av. Arequipa,7,2018-10-12 16:06:00.000,2018-10-12 16:40:00.000,0.0018,0.9101741521539872,POINT (-77.02941700000001 -12.116652),898e62c5653ffff,8a8e62c56517fff,2018-10-12 12:00:00,1
141,cf3a29c9-febc-376f-ab31-571c13332243,-12.124671000000001,-77.028761,2,Av. Alfredo Benavides,7,2018-10-25 13:27:00.000,2018-10-25 13:59:00.000,0.0018,0.9120073327222732,POINT (-77.028761 -12.124671),898e62c564fffff,8a8e62c564dffff,2018-10-25 12:00:00,1
142,4d77b21a-794d-3e9a-b7c0-4b703cc38183,-12.117481,-77.048629,2,Vía Expresa Costa Verde,7,2018-10-26 01:49:00.000,2018-10-26 02:20:00.000,0.0018,0.9138405132905592,POINT (-77.04862900000001 -12.117481),898e62ce4a7ffff,8a8e62ce4a4ffff,2018-10-26 12:00:00,1
143,39278346-39dc-3565-b3c6-2f9ae6038e97,-12.119717,-77.011909,2,Av. Monseñor Roca y Boloña,7,2018-11-16 21:13:00.000,2018-11-16 21:15:00.000,0.0018,0.9156736938588452,POINT (-77.011909 -12.119717),898e62c56abffff,8a8e62c56aaffff,2018-11-16 12:00:00,1
144,d98e007f-6201-39c0-9a29-3ea5b5cc078b,-12.124738,-77.036938,2,Av. Jorge Chávez,7,2019-01-05 01:05:00.000,2019-01-05 01:34:00.000,0.0018,0.9175068744271312,POINT (-77.03693800000001 -12.124738),898e62ce58fffff,8a8e62ce58cffff,2019-01-05 12:00:00,1
145,97634906-b29c-33f4-958b-0c38c081903b,-12.135012,-77.023385,2,Quebrada de Armendáriz,7,2019-01-08 00:39:00.000,2019-01-08 01:09:00.000,0.0018,0.919340054995417,POINT (-77.023385 -12.135012),898e62c52d7ffff,8a8e62c52d4ffff,2019-01-08 12:00:00,1
146,685a3896-b235-31cb-88ce-0763a2ee1e93,-12.127326,-77.035823,2,Puente Mellizo Villena Rey,7,2019-01-12 15:02:00.000,2019-01-12 15:16:00.000,0.0018,0.921173235563703,POINT (-77.03582299999999 -12.127326),898e62ce5bbffff,8a8e62ce5b9ffff,2019-01-12 12:00:00,1
147,3f88f5a7-54bb-375e-824c-7a6daf5ddbc7,-12.10877,-77.052808,2,Av. Augusto Pérez Araníbar,7,2019-01-28 04:08:00.000,2019-01-28 04:47:00.000,0.0018,0.9230064161319891,POINT (-77.052808 -12.10877),898e62ce487ffff,8a8e62ce486ffff,2019-01-28 12:00:00,1
148,7d496a07-9d98-37a6-b5a9-ea00c6199862,-12.122696000000001,-77.03148,2,Av. Diagonal,7,2019-01-30 22:15:00.000,2019-01-30 22:33:00.000,0.0018,0.9248395967002748,POINT (-77.03148 -12.122696),898e62c564bffff,8a8e62c5649ffff,2019-01-30 12:00:00,1
149,87b62905-4c9a-3317-83f5-d1e3becbfaa9,-12.125375,-77.023578,2,Av. Alfredo Benavides,7,2019-02-09 23:22:00.000,2019-02-09 23:33:00.000,0.0018,0.9266727772685608,POINT (-77.023578 -12.125375),898e62c5663ffff,8a8e62c56637fff,2019-02-09 12:00:00,1
150,3183f710-95a4-376c-acaf-0ed9a00540fe,-12.114186,-77.029669,2,Av. Arequipa,7,2019-02-19 13:27:00.000,2019-02-19 13:58:00.000,0.0018,0.928505957836847,POINT (-77.029669 -12.114186),898e62c0b27ffff,8a8e62c0b26ffff,2019-02-19 12:00:00,1
151,ba17cfe8-6c33-3908-b12c-97a0e757aeb0,-12.128051,-77.006281,2,Av. Alfredo Benavides,7,2019-03-11 17:29:00.000,2019-03-11 17:59:00.000,0.0018,0.9303391384051328,POINT (-77.006281 -12.128051),898e62c50cfffff,8a8e62c50c8ffff,2019-03-11 12:00:00,1
152,7fc1618d-d642-3d3a-a72a-55b4a0f798bf,-12.127203999999999,-77.037109,2,Vía Expresa Costa Verde,7,2019-05-24 22:31:00.000,2019-05-24 22:47:00.000,0.0018,0.9321723189734188,POINT (-77.037109 -12.127204),898e62ce517ffff,8a8e62ce516ffff,2019-05-24 12:00:00,1
153,66a0165f-a0ba-3d4e-985d-d6bb6eaae54b,-12.128578,-77.03277299999999,2,Juan Fanning,7,2019-05-30 17:42:00.000,2019-05-30 18:11:00.000,0.0018,0.9340054995417048,POINT (-77.03277299999999 -12.128578),898e62ce5a3ffff,8a8e62ce5a1ffff,2019-05-30 12:00:00,1
154,9d2e191d-c99a-3900-a533-78204e988ce7,-12.128924000000001,-77.023863,2,Av. Reducto,7,2019-07-30 00:07:00.000,2019-07-30 00:39:00.000,0.0018,0.9358386801099908,POINT (-77.02386300000001 -12.128924),898e62c566fffff,8a8e62c566f7fff,2019-07-30 12:00:00,1
155,5f0d2ae3-922e-35bf-b339-2b0a22a7a7ca,-12.116682,-77.02664399999999,2,,7,2019-08-09 23:39:00.000,2019-08-10 00:18:00.000,0.0018,0.9376718606782768,POINT (-77.02664399999999 -12.116682),898e62c5653ffff,8a8e62c5652ffff,2019-08-09 12:00:00,1
156,6dfd1d41-9513-38c0-8dbd-353858c5c17d,-12.126385,-77.017808,2,Av. Alfredo Benavides,6,2018-10-14 23:15:00.000,2018-10-14 23:22:00.000,0.0018,0.9395050412465628,POINT (-77.017808 -12.126385),898e62c562bffff,8a8e62c562b7fff,2018-10-14 12:00:00,1
157,5e17e23e-a801-3351-ac20-c39cb6dd3fae,-12.110635,-77.032229,2,María Parado de Bellido,6,2019-01-11 17:05:00.000,2019-01-11 17:34:00.000,0.0018,0.9413382218148488,POINT (-77.032229 -12.110635),898e62c0b37ffff,8a8e62c0b30ffff,2019-01-11 12:00:00,1
158,0b209379-8341-33da-a7f2-656c1eb66a4b,-12.123744,-77.008077,2,Av. Manuel Villarán,6,2019-03-14 13:51:00.000,2019-03-14 14:23:00.000,0.0018,0.9431714023831348,POINT (-77.008077 -12.123744),898e62c50dbffff,8a8e62c50d97fff,2019-03-14 12:00:00,1
159,5f6d1951-5836-3592-bd53-26d23ec0783c,-12.117708,-77.0086,2,Av. Monseñor Roca y Boloña,6,2019-03-26 15:51:00.000,2019-03-26 16:10:00.000,0.0018,0.9450045829514208,POINT (-77.0086 -12.117708),898e62c56a3ffff,8a8e62c56a2ffff,2019-03-26 12:00:00,1
160,858338b5-91b6-37a9-9273-614065bda21f,-12.118527,-77.009847,2,Av. Monseñor Roca y Boloña,6,2019-05-24 13:08:00.000,2019-05-24 13:38:00.000,0.0018,0.9468377635197068,POINT (-77.00984699999999 -12.118527),898e62c56a3ffff,8a8e62c56a07fff,2019-05-24 12:00:00,1
161,59b154b5-d543-3686-abf4-2901e057423f,-12.12573,-77.021196,2,Av. Alfredo Benavides,6,2019-06-01 23:16:00.000,2019-06-01 23:48:00.000,0.0018,0.9486709440879928,POINT (-77.021196 -12.12573),898e62c5677ffff,8a8e62c56757fff,2019-06-01 12:00:00,1
162,cc17400c-e9b0-3ccb-bce2-220f3923425b,-12.113128,-77.047084,2,General Mendiburu,6,2019-06-13 23:59:00.000,2019-06-14 00:28:00.000,0.0018,0.9505041246562786,POINT (-77.047084 -12.113128),898e62ce4b7ffff,8a8e62ce4b6ffff,2019-06-13 12:00:00,1
163,f845ddf4-cadc-3700-896f-18e343f09078,-12.125813,-77.009309,2,Av. José Ramírez Gastón,6,2019-07-13 18:21:00.000,2019-07-13 18:50:00.000,0.0018,0.9523373052245646,POINT (-77.009309 -12.125813),898e62c5637ffff,8a8e62c5634ffff,2019-07-13 12:00:00,1
164,f774813e-8d06-3249-9240-3cbfea7f2b86,-12.127162,-77.009535,2,Av. José Ramírez Gastón,6,2019-07-13 19:12:00.000,2019-07-13 19:42:00.000,0.0018,0.9541704857928506,POINT (-77.009535 -12.127162),898e62c5627ffff,8a8e62c50c97fff,2019-07-13 12:00:00,1
165,645a2441-2f2a-3440-8597-53dd9e73e886,-12.125994,-77.018086,2,Av. Roosevelt,6,2019-08-12 03:30:00.000,2019-08-12 03:59:00.000,0.0018,0.9560036663611364,POINT (-77.018086 -12.125994),898e62c5677ffff,8a8e62c5676ffff,2019-08-12 12:00:00,1
166,e8faaad4-af17-3d59-8c73-9da3c696b2d1,-12.12637,-77.017916,1,Av. Alfredo Benavides,6,2018-10-14 22:24:00.000,2018-10-14 22:30:00.000,0.0009,0.9569202566452796,POINT (-77.017916 -12.12637),898e62c562bffff,8a8e62c562b7fff,2018-10-14 12:00:00,1
167,a870cdc9-12f8-3b0a-ba21-5759b80e008c,-12.11936,-77.045734,1,Vía Expresa Costa Verde,6,2018-10-17 09:31:00.000,2018-10-17 09:43:00.000,0.0009,0.9578368469294224,POINT (-77.045734 -12.11936),898e62ce5d3ffff,8a8e62ce5d0ffff,2018-10-17 12:00:00,1
168,d98e05ba-f419-3ab3-876d-663cd9d63674,-12.134541,-77.023384,1,Acceso a Quebrada de Armendáriz,6,2018-11-07 12:04:00.000,2018-11-07 12:34:00.000,0.0009,0.9587534372135657,POINT (-77.02338399999999 -12.134541),898e62c52d7ffff,8a8e62c52d47fff,2018-11-07 12:00:00,1
169,23b9eaec-3e28-3d58-b972-8beb32a42064,-12.12528,-77.024433,1,Av. Paseo de la República,6,2018-11-27 21:54:00.000,2018-11-27 21:58:00.000,0.0009,0.9596700274977086,POINT (-77.024433 -12.12528),898e62c567bffff,8a8e62c567affff,2018-11-27 12:00:00,1
170,e98d1389-d0f5-361e-8bae-7fe6f6fc70ed,-12.122786999999999,-77.01957800000001,1,Av. Ricardo Palma,6,2018-11-27 22:37:00.000,2018-11-27 22:42:00.000,0.0009,0.9605866177818516,POINT (-77.01957800000001 -12.122787),898e62c560fffff,8a8e62c560c7fff,2018-11-27 12:00:00,1
171,20b368a0-05d9-3771-a680-555a4b611aba,-12.120394000000001,-77.01266600000001,1,Av. Monseñor Roca y Boloña,6,2019-01-17 15:28:00.000,2019-01-17 15:38:00.000,0.0009,0.9615032080659944,POINT (-77.01266600000001 -12.120394),898e62c56abffff,8a8e62c56a8ffff,2019-01-17 12:00:00,1
172,6b88de08-4b12-3ad5-8d6d-ae13b320d110,-12.109762,-77.051823,1,Av. Augusto Pérez Araníbar,6,2019-01-28 04:08:00.000,2019-01-28 04:21:00.000,0.0009,0.9624197983501376,POINT (-77.051823 -12.109762),898e62ce4b3ffff,8a8e62ce4b37fff,2019-01-28 12:00:00,1
173,6b59f244-db76-3309-a166-662efcf6949c,-12.114237,-77.036973,1,Av. Comandante Espinar,6,2019-02-16 16:55:00.000,2019-02-16 17:01:00.000,0.0009,0.9633363886342804,POINT (-77.036973 -12.114237),898e62c0b2bffff,8a8e62c0b287fff,2019-02-16 12:00:00,1
174,7627c89c-0fb1-3d3d-8e5f-1d1a53082ef3,-12.123063,-77.018152,1,Av. República de Panamá,6,2019-03-19 14:38:00.000,2019-03-19 15:07:00.000,0.0009,0.9642529789184234,POINT (-77.018152 -12.123063),898e62c560fffff,8a8e62c560cffff,2019-03-19 12:00:00,1
175,fee1998e-9985-3adf-a403-ee9b2a441e07,-12.123444000000001,-77.031307,1,Porta,6,2019-03-21 12:26:00.000,2019-03-21 12:55:00.000,0.0009,0.9651695692025664,POINT (-77.031307 -12.123444),898e62ce5b3ffff,8a8e62ce5b27fff,2019-03-21 12:00:00,1
176,b1805bf2-fd5e-3734-8994-bb327e1e1376,-12.122276,-77.032533,1,José Gálvez,6,2019-03-25 23:10:00.000,2019-03-25 23:32:00.000,0.0009,0.9660861594867094,POINT (-77.032533 -12.122276),898e62c564bffff,8a8e62c5649ffff,2019-03-25 12:00:00,1
177,81600ed6-7008-30fc-aa16-18043be5c1fa,-12.128698,-77.006901,1,Santa Carmen,6,2019-04-24 13:18:00.000,2019-04-24 13:51:00.000,0.0009,0.9670027497708524,POINT (-77.006901 -12.128698),898e62c5053ffff,8a8e62c50527fff,2019-04-24 12:00:00,1
178,854f8d4d-daf3-3622-94f3-a76e01233e02,-12.113709,-77.02958000000001,1,Av. Angamos Este,6,2019-06-05 16:37:00.000,2019-06-05 17:22:00.000,0.0009,0.9679193400549956,POINT (-77.02958000000001 -12.113709),898e62c0b27ffff,8a8e62c0b26ffff,2019-06-05 12:00:00,1
179,36d608ef-2717-382f-b3ff-00f98f820a2e,-12.129934,-77.029476,1,Juan Fanning,6,2019-06-26 19:49:00.000,2019-06-26 19:57:00.000,0.0009,0.9688359303391384,POINT (-77.029476 -12.129934),898e62ce5a7ffff,8a8e62ce5a47fff,2019-06-26 12:00:00,1
180,d3a0bfb1-977e-320d-8f5a-922a6b9be1cc,-12.130881,-77.033989,1,Vía Expresa Costa Verde,5,2018-10-02 17:38:00.000,2018-10-02 17:52:00.000,0.0009,0.9697525206232814,POINT (-77.03398900000001 -12.130881),898e62ce5afffff,8a8e62ce5a8ffff,2018-10-02 12:00:00,1
181,25dadde9-247a-37b6-8bab-b575699028d8,-12.124189999999999,-77.012846,1,Av. Manuel Villarán,5,2018-10-14 00:57:00.000,2018-10-14 01:06:00.000,0.0009,0.9706691109074244,POINT (-77.012846 -12.12419),898e62c5633ffff,8a8e62c5630ffff,2018-10-14 12:00:00,1
182,daa6f26b-6755-3535-ab79-cd5d465d6ede,-12.123697,-77.00774100000001,1,Los Capulíes,5,2018-10-23 22:20:00.000,2018-10-23 22:31:00.000,0.0009,0.9715857011915674,POINT (-77.00774100000001 -12.123697),898e62c50dbffff,8a8e62c50d87fff,2018-10-23 12:00:00,1
183,bd8680a0-9c0a-3b56-beee-148fa40deb29,-12.113783,-77.029588,1,Av. Angamos Este,5,2018-10-24 12:26:00.000,2018-10-24 12:49:00.000,0.0009,0.9725022914757104,POINT (-77.029588 -12.113783),898e62c0b27ffff,8a8e62c0b26ffff,2018-10-24 12:00:00,1
184,d68e0fbd-1df4-35e2-b623-f70196fd0d15,-12.124775,-77.028071,1,Av. Alfredo Benavides,5,2018-10-25 05:12:00.000,2018-10-25 05:42:00.000,0.0009,0.9734188817598534,POINT (-77.028071 -12.124775),898e62c564fffff,8a8e62ce5b67fff,2018-10-25 12:00:00,1
185,49b73366-30b2-314c-a782-78bb2be144ad,-12.125277,-77.024326,1,Salida 9 / Av. Reducto - 28 de Julio,5,2018-11-17 20:35:00.000,2018-11-17 20:38:00.000,0.0009,0.9743354720439964,POINT (-77.024326 -12.125277),898e62c567bffff,8a8e62c567affff,2018-11-17 12:00:00,1
186,4f1b6792-a97c-35f1-8aee-82fdbf1a505c,-12.112699000000001,-77.04959000000001,1,Estacionamiento Club Lambayeque,5,2018-11-18 17:09:00.000,2018-11-18 17:38:00.000,0.0009,0.9752520623281392,POINT (-77.04959000000001 -12.112699),898e62ce4b7ffff,8a8e62ce4b57fff,2018-11-18 12:00:00,1
187,da7e26de-ee74-3934-a1a3-5b4d2d063ac0,-12.122667,-77.019765,1,Av. Ricardo Palma,5,2019-01-24 06:48:00.000,2019-01-24 07:18:00.000,0.0009,0.9761686526122824,POINT (-77.01976500000001 -12.122667),898e62c560fffff,8a8e62c560c7fff,2019-01-24 12:00:00,1
188,37ee7721-ce5f-32f8-bae2-50338c56fbf5,-12.1103,-77.04848100000001,1,Av. Hipólito Unanue,5,2019-01-28 02:12:00.000,2019-01-28 02:43:00.000,0.0009,0.9770852428964252,POINT (-77.04848100000001 -12.1103),898e62c0b4fffff,8a8e62c0b4dffff,2019-01-28 12:00:00,1
189,d237d84f-d0c3-33b0-9df9-7b796903a60d,-12.10955,-77.05226800000001,1,Av. Augusto Pérez Araníbar,5,2019-01-28 02:56:00.000,2019-01-28 03:26:00.000,0.0009,0.9780018331805684,POINT (-77.05226800000001 -12.10955),898e62ce4b3ffff,8a8e62ce4b37fff,2019-01-28 12:00:00,1
190,8079ec79-9457-3c36-80ae-4ac1b4398478,-12.130261,-77.02099799999999,1,Av. 28 de Julio,5,2019-02-10 20:26:00.000,2019-02-10 20:55:00.000,0.0009,0.9789184234647113,POINT (-77.02099799999999 -12.130261),898e62c5667ffff,8a8e62c5665ffff,2019-02-10 12:00:00,1
191,2bfd507e-386d-31ab-829d-a2d185d8c9fc,-12.13705,-77.026881,1,Malecón Armendáriz,5,2019-03-01 00:36:00.000,2019-03-01 01:10:00.000,0.0009,0.9798350137488544,POINT (-77.026881 -12.13705),898e62c52cfffff,8a8e62c52ce7fff,2019-03-01 12:00:00,1
192,8a5a63e5-eb54-31bf-b64f-75513e9bc7df,-12.123828,-77.03370699999999,1,Recavarren,5,2019-03-06 16:34:00.000,2019-03-06 17:04:00.000,0.0009,0.9807516040329972,POINT (-77.03370699999999 -12.123828),898e62ce587ffff,8a8e62ce584ffff,2019-03-06 12:00:00,1
193,92105d4d-3f91-3d72-9bc5-e1176126ba63,-12.12316,-77.01915,1,Av. Ricardo Palma,5,2019-03-19 16:10:00.000,2019-03-19 16:39:00.000,0.0009,0.9816681943171404,POINT (-77.01915 -12.12316),898e62c560fffff,8a8e62c560cffff,2019-03-19 12:00:00,1
194,b86d3da0-e790-3f63-852a-e50a3f2c6773,-12.123265,-77.018886,1,Av. Ricardo Palma,5,2019-03-19 17:02:00.000,2019-03-19 17:32:00.000,0.0009,0.9825847846012832,POINT (-77.01888599999999 -12.123265),898e62c560fffff,8a8e62c560cffff,2019-03-19 12:00:00,1
195,2d8a0b79-4e08-366c-957b-49affa452a37,-12.121478999999999,-77.044737,1,Vía Expresa Costa Verde,5,2019-03-22 13:56:00.000,2019-03-22 14:28:00.000,0.0009,0.9835013748854262,POINT (-77.044737 -12.121479),898e62ce5c3ffff,8a8e62ce5c2ffff,2019-03-22 12:00:00,1
196,dacfe5ab-a1c5-3d22-9ee5-a00ee8243564,-12.134646,-77.023184,1,Av. Reducto,5,2019-03-27 07:55:00.000,2019-03-27 08:29:00.000,0.0009,0.9844179651695693,POINT (-77.023184 -12.134646),898e62c52d7ffff,8a8e62c52d4ffff,2019-03-27 12:00:00,1
197,5037a630-ad25-36fc-827a-9e8b0325fbe6,-12.127119,-77.022237,1,15 de Enero,5,2019-04-02 12:47:00.000,2019-04-02 13:17:00.000,0.0009,0.9853345554537122,POINT (-77.022237 -12.127119),898e62c5663ffff,8a8e62c56607fff,2019-04-02 12:00:00,1
198,ab9681b8-6834-37b3-b82a-73a38e807b5e,-12.124336,-77.012753,1,Av. Manuel Villarán,5,2019-04-10 19:22:00.000,2019-04-10 19:51:00.000,0.0009,0.9862511457378552,POINT (-77.012753 -12.124336),898e62c5633ffff,8a8e62c5630ffff,2019-04-10 12:00:00,1
199,7e972ba3-654a-3901-a1d0-3b5512dfade4,-12.106439,-77.042118,1,,5,2019-04-15 18:00:00.000,2019-04-15 18:31:00.000,0.0009,0.987167736021998,POINT (-77.042118 -12.106439),898e62c0b0bffff,8a8e62c0b087fff,2019-04-15 12:00:00,1
200,681040d5-4563-304d-8b4e-9cd11ba047f9,-12.131905999999999,-77.02948,1,Av. Armendáriz,5,2019-05-14 23:51:00.000,2019-05-15 00:20:00.000,0.0009,0.9880843263061412,POINT (-77.02948000000001 -12.131906),898e62c52dbffff,8a8e62c52da7fff,2019-05-14 12:00:00,1
201,a53768c9-ffdd-3ac7-b900-78985123a9a9,-12.130819,-77.034511,1,Vía Expresa Costa Verde,5,2019-05-18 10:23:00.000,2019-05-18 10:53:00.000,0.0009,0.989000916590284,POINT (-77.03451099999999 -12.130819),898e62ce5abffff,8a8e62ce5a8ffff,2019-05-18 12:00:00,1
202,f3494f75-36be-325a-88e0-6563d86fd8c1,-12.122174000000001,-77.025903,1,Ernesto Diez Canseco,5,2019-05-28 21:22:00.000,2019-05-28 21:51:00.000,0.0009,0.9899175068744273,POINT (-77.025903 -12.122174),898e62c5647ffff,8a8e62c5645ffff,2019-05-28 12:00:00,1
203,7befd3a4-8ced-3e4c-ac33-998a5d2a921c,-12.128699000000001,-77.01800300000001,1,Av. Roosevelt,5,2019-05-30 02:26:00.000,2019-05-30 02:55:00.000,0.0009,0.99083409715857,POINT (-77.01800300000001 -12.128699),898e62c562bffff,8a8e62c5629ffff,2019-05-30 12:00:00,1
204,6ec09825-e008-39ab-87a3-b06b2213aeea,-12.128571,-77.029957,1,José González,5,2019-05-30 15:50:00.000,2019-05-30 16:19:00.000,0.0009,0.9917506874427132,POINT (-77.029957 -12.128571),898e62ce5a7ffff,8a8e62ce5a77fff,2019-05-30 12:00:00,1
205,cbadc6d5-1b2e-3cdb-b4c6-7ba29f828ebf,-12.111604,-77.028,1,Tacna,5,2019-06-05 11:51:00.000,2019-06-05 12:20:00.000,0.0009,0.992667277726856,POINT (-77.02800000000001 -12.111604),898e62c56cbffff,8a8e62c56cb7fff,2019-06-05 12:00:00,1
206,1e6a8cbd-d864-311c-b4bc-77fa620f2eba,-12.113553,-77.029772,1,Av. Arequipa,5,2019-06-05 16:28:00.000,2019-06-05 16:55:00.000,0.0009,0.9935838680109992,POINT (-77.02977199999999 -12.113553),898e62c0b27ffff,8a8e62c0b267fff,2019-06-05 12:00:00,1
207,964dfe27-fe8e-3063-846b-619569f5f82a,-12.121822,-77.040863,1,Malecón Cisneros,5,2019-06-16 01:21:00.000,2019-06-16 01:51:00.000,0.0009,0.994500458295142,POINT (-77.040863 -12.121822),898e62ce58bffff,8a8e62ce5887fff,2019-06-16 12:00:00,1
208,14b5d4e7-b069-3486-9cf9-7b39ee7dfe16,-12.111286999999999,-77.043532,1,Ignacio Merino,5,2019-06-18 17:27:00.000,2019-06-18 17:57:00.000,0.0009,0.995417048579285,POINT (-77.043532 -12.111287),898e62c0b73ffff,8a8e62c0b7affff,2019-06-18 12:00:00,1
209,0d5e46f6-1a4c-3259-bd2b-6c52f8593845,-12.105310000000001,-77.032961,1,Av. Santa Cruz,5,2019-06-28 21:46:00.000,2019-06-28 22:16:00.000,0.0009,0.996333638863428,POINT (-77.032961 -12.10531),898e62c0babffff,8a8e62c0ba87fff,2019-06-28 12:00:00,1
210,1db7e64d-44cb-3c0f-9f45-ef55225bf2b0,-12.110028999999999,-77.047606,1,Av. General Córdova,5,2019-06-29 01:38:00.000,2019-06-29 02:08:00.000,0.0009,0.9972502291475709,POINT (-77.047606 -12.110029),898e62c0b4fffff,8a8e62c0b4cffff,2019-06-29 12:00:00,1
211,6114582e-b0a6-3c5b-81bf-a7f3f4d46820,-12.128335,-77.018011,1,Av. Roosevelt,5,2019-08-12 02:04:00.000,2019-08-12 02:33:00.000,0.0009,0.9981668194317141,POINT (-77.018011 -12.128335),898e62c562bffff,8a8e62c56297fff,2019-08-12 12:00:00,1
212,29bb394a-a98d-342d-ab4c-050220c38177,-12.125573,-77.01809200000001,1,Av. Roosevelt,5,2019-08-12 04:16:00.000,2019-08-12 04:46:00.000,0.0009,0.9990834097158571,POINT (-77.01809200000001 -12.125573),898e62c5677ffff,8a8e62c5676ffff,2019-08-12 12:00:00,1
213,9fbe9a46-e037-3fd5-8055-7b7ef398923c,-12.122347999999999,-77.020507,1,Av. Casimiro Ulloa,5,2019-08-21 17:57:00.000,2019-08-21 18:26:00.000,0.0009,1.0,POINT (-77.02050699999999 -12.122348),898e62c560fffff,8a8e62c560d7fff,2019-08-21 12:00:00,1
