"uuid","latitude","longitude","interactions","street","reliability","start_time","end_time","share","cum_share"
"5f8a9ee4-cbfd-3b1e-b10f-861d0c1af10b","-12.132533","-77.031029","25","Vía Expresa Costa Verde","10","2019-02-03 03:25:00.000","2019-02-03 04:51:00.000","0.0229","0.022914757103574702"
"c94d5b4a-974f-3550-ab60-39a507c0bf5c","-12.133135","-77.030389","23","Vía Expresa Costa Verde","10","2019-02-09 00:56:00.000","2019-02-09 01:42:00.000","0.0211","0.043996333638863426"
"a388e8ae-f3d9-3658-9f14-2e9db42892a4","-12.131729","-77.029708","21","Av. Armendáriz","10","2019-05-14 20:34:00.000","2019-05-14 21:52:00.000","0.0192","0.06324472960586618"
"96a3dd01-3d0d-325a-8cb3-c5025e79db20","-12.132819","-77.030705","20","Vía Expresa Costa Verde","10","2019-03-01 03:53:00.000","2019-03-01 04:40:00.000","0.0183","0.08157653528872594"
"3a936507-35e4-3efb-99d4-a94dda397ac5","-12.132326","-77.031355","18","Vía Expresa Costa Verde","10","2019-02-09 02:32:00.000","2019-02-09 04:04:00.000","0.0165","0.09807516040329972"
"60ca40a3-92aa-3e42-8e65-6223e6aeb078","-12.126217","-77.037943","18","Vía Expresa Costa Verde","10","2019-03-04 00:32:00.000","2019-03-04 01:09:00.000","0.0165","0.1145737855178735"
"2bd0cb0a-a92c-3570-86ed-bbbfa06d9fff","-12.13036","-77.034864","18","Vía Expresa Costa Verde","10","2019-04-08 12:20:00.000","2019-04-08 12:34:00.000","0.0165","0.1310724106324473"
"62bc4025-a647-382f-8e30-e863425e2c8d","-12.130995","-77.033702","16","Vía Expresa Costa Verde","10","2019-02-09 01:14:00.000","2019-02-09 02:12:00.000","0.0147","0.1457378551787351"
"37dc538d-20c2-365f-b3f5-4114772afe51","-12.126658","-77.016046","16","Av. Alfredo Benavides","10","2019-08-12 01:16:00.000","2019-08-12 02:12:00.000","0.0147","0.1604032997250229"
"dadbc55c-86fb-3199-b015-67b3381ccbf9","-12.136199","-77.025515","15","Quebrada de Armendáriz","10","2018-11-07 13:12:00.000","2018-11-07 13:57:00.000","0.0137","0.17415215398716774"
"23ff1d2c-1974-362a-9f3f-288a4221c581","-12.129531","-77.022893","15","Av. 28 de Julio","10","2019-02-16 04:01:00.000","2019-02-16 04:58:00.000","0.0137","0.18790100824931255"
"cbcb8b19-1034-3957-a7c6-cf4b48ea547a","-12.131117","-77.034052","15","Vía Expresa Costa Verde","10","2019-05-18 11:28:00.000","2019-05-18 13:21:00.000","0.0137","0.2016498625114574"
"e88dd382-ede8-3c22-abf7-bf16fb973182","-12.108257","-77.027299","15","Carlos Tenaud","10","2019-05-20 23:28:00.000","2019-05-21 00:13:00.000","0.0137","0.2153987167736022"
"6194cafa-8596-347d-9ddc-d4d834ee834e","-12.126269","-77.0178","15","Av. Alfredo Benavides","10","2019-08-12 01:01:00.000","2019-08-12 02:29:00.000","0.0137","0.229147571035747"
"3ecde17c-4c37-351a-aea0-4e5f31a4196b","-12.122409","-77.020617","14","Av. Ricardo Palma","10","2019-01-19 23:07:00.000","2019-01-19 23:41:00.000","0.0128","0.24197983501374887"
"a6283706-a9ec-3e00-9e80-8bfb607cfa7b","-12.105527","-77.03314","14","Av. Santa Cruz","10","2019-04-11 19:17:00.000","2019-04-11 20:28:00.000","0.0128","0.25481209899175067"
"f534403b-ab8d-35c4-bf1d-91455a1a4426","-12.130687","-77.034704","14","Vía Expresa Costa Verde","10","2019-06-07 13:31:00.000","2019-06-07 14:33:00.000","0.0128","0.2676443629697525"
"530282b0-8b3a-3f4e-9766-8d2344a914d5","-12.111907","-77.052472","13","Vía Expresa Costa Verde","10","2019-01-19 04:48:00.000","2019-01-19 05:13:00.000","0.0119","0.27956003666361134"
"96b48315-9cce-3e09-a007-702f525b4f0f","-12.105103","-77.03279","13","Av. Santa Cruz","10","2019-06-29 00:19:00.000","2019-06-29 01:27:00.000","0.0119","0.2914757103574702"
"d1f8d202-9875-3ab1-83e2-745385af0db0","-12.126781","-77.037418","13","Vía Expresa Costa Verde","10","2019-08-15 16:08:00.000","2019-08-15 16:24:00.000","0.0119","0.30339138405132904"
"a65c114f-896f-3a2a-a03c-dc9539b8dd83","-12.132774","-77.03095","12","Via Expresa Costa Verde","10","2019-02-09 03:28:00.000","2019-02-09 03:54:00.000","0.011","0.31439046746104493"
"32b08a07-ff87-3a12-ad53-85e152b6e32c","-12.103895","-77.031827","12","Av. Santa Cruz","10","2019-04-11 18:02:00.000","2019-04-11 19:25:00.000","0.011","0.32538955087076077"
"e1a17dca-949d-3cc3-9352-b2e5624b62f6","-12.137231","-77.028212","11","Acceso Vía Expresa Costa Verde > Callao","10","2018-10-25 15:50:00.000","2018-10-25 16:24:00.000","0.0101","0.3354720439963336"
"d605f82b-1498-3976-8c6c-93a659f3ae74","-12.111856","-77.052531","11","Vía Expresa Costa Verde","10","2019-01-19 06:07:00.000","2019-01-19 06:27:00.000","0.0101","0.34555453712190654"
"12bf081e-6bfd-3380-b340-a128c9d1b6bc","-12.133101","-77.030423","11","Vía Expresa Costa Verde","10","2019-02-02 22:41:00.000","2019-02-02 23:04:00.000","0.0101","0.3556370302474794"
"aa350723-0a9c-36c7-a6c7-a09a726d6ca5","-12.130059","-77.03521","11","Vía Expresa Costa Verde","10","2019-04-09 13:32:00.000","2019-04-09 13:52:00.000","0.0101","0.36571952337305225"
"444e5872-b791-3286-990c-baa25ee7a8a1","-12.126257","-77.017876","11","Av. Alfredo Benavides","10","2019-08-12 03:22:00.000","2019-08-12 04:38:00.000","0.0101","0.3758020164986251"
"4b9b07c7-9f26-3f1c-9132-c65a44c1981a","-12.105285","-77.03294","11","Av. Santa Cruz","10","2019-08-21 23:31:00.000","2019-08-22 00:20:00.000","0.0101","0.38588450962419796"
"27ca0ee5-b732-3aca-8be5-85a4591c385f","-12.122438","-77.020098","10","Av. Ricardo Palma","10","2018-11-27 22:32:00.000","2018-11-27 23:28:00.000","0.0092","0.3950504124656279"
"2b52e3c4-5adf-3933-8b5b-93b3cbe292a7","-12.11061","-77.053929","10","Vía Expresa Costa Verde","10","2019-01-24 23:37:00.000","2019-01-24 23:57:00.000","0.0092","0.40421631530705776"
"f4fd8a05-f551-3cee-a499-4ebef6ca57bc","-12.110577","-77.051127","10","Av. Augusto Pérez Araníbar","10","2019-01-28 01:37:00.000","2019-01-28 02:30:00.000","0.0092","0.41338221814848763"
"f71af671-f1d0-3e19-a5ea-51cba6f21b8d","-12.132338","-77.031336","10","Vía Expresa Costa Verde","10","2019-02-09 07:23:00.000","2019-02-09 08:17:00.000","0.0092","0.4225481209899175"
"e9ad67c0-9e01-33f0-b3d2-f157b960b25c","-12.126317","-77.018269","10","Av. Alfredo Benavides","10","2019-05-09 23:25:00.000","2019-05-10 00:19:00.000","0.0092","0.4317140238313474"
"b942975e-32af-3942-98b5-199fa7fc8641","-12.116648","-77.049727","10","Vía Expresa Costa Verde","10","2019-08-05 23:53:00.000","2019-08-06 00:26:00.000","0.0092","0.44087992667277726"
"878fff7a-1daf-36ad-99bc-c230a63fee03","-12.114822","-77.028521","9","Av. Petit Thouars","10","2019-05-08 14:40:00.000","2019-05-08 15:00:00.000","0.0082","0.44912923923006415"
"5addcbd6-f442-3744-893c-eb0891b89cd8","-12.105651","-77.033242","9","Av. Santa Cruz","10","2019-06-28 22:02:00.000","2019-06-28 23:00:00.000","0.0082","0.45737855178735104"
"c07f6dff-bb4b-38ee-9a05-ce03ad3c5dd5","-12.12495","-77.024499","9","Av. Paseo de la República","10","2019-08-11 20:11:00.000","2019-08-11 20:50:00.000","0.0082","0.46562786434463793"
"124eedbb-eb0e-3eb7-8221-b4d56471c10b","-12.126319","-77.018256","9","Av. Alfredo Benavides","10","2019-08-12 02:26:00.000","2019-08-12 03:10:00.000","0.0082","0.4738771769019248"
"13e621fe-4383-3ab5-938c-a5c831f93333","-12.122383","-77.02017","8","Av. Ricardo Palma","10","2018-11-13 16:13:00.000","2018-11-13 16:40:00.000","0.0073","0.48120989917506873"
"eb7cbed6-7839-34bc-ae61-e16d26c0135e","-12.110365","-77.051219","8","Av. Augusto Pérez Araníbar","10","2019-01-28 01:13:00.000","2019-01-28 01:53:00.000","0.0073","0.48854262144821264"
"8008fe01-a207-3653-bdd8-6aa26d6c5881","-12.132356","-77.031308","8","Vía Expresa Costa Verde","10","2019-02-09 08:34:00.000","2019-02-09 09:34:00.000","0.0073","0.49587534372135655"
"5e5543e7-6b0d-3249-bb99-c888f0bfa998","-12.129788","-77.02227","8","Av. 28 de Julio","10","2019-02-20 22:20:00.000","2019-02-20 22:52:00.000","0.0073","0.5032080659945004"
"091e114a-c096-35ff-b044-e077172c7549","-12.123206","-77.01838","8","Av. Ricardo Palma","10","2019-03-19 15:59:00.000","2019-03-19 16:24:00.000","0.0073","0.5105407882676444"
"cd47e124-22c2-3117-a83f-50e03c8458b1","-12.120738","-77.018788","8","Av. Monseñor Roca y Boloña","10","2019-03-26 18:06:00.000","2019-03-26 18:39:00.000","0.0073","0.5178735105407882"
"2a9e616c-e131-3aae-9015-4d2e3f57aace","-12.122334","-77.005916","7","Av. Manuel Villarán","10","2018-10-17 22:35:00.000","2018-10-17 22:57:00.000","0.0064","0.5242896425297892"
"485b0343-d3d5-38e5-a24d-96fc5b62bf1a","-12.134614","-77.02357","7","Calle Parque Armendáriz","10","2018-11-07 13:45:00.000","2018-11-07 13:59:00.000","0.0064","0.5307057745187901"
"4d086ef8-8ec0-30d1-b6c9-44280beed1f8","-12.123285","-77.015039","7","Av. Ricardo Palma","10","2019-01-12 20:06:00.000","2019-01-12 20:46:00.000","0.0064","0.537121906507791"
"ce1f884b-6869-3cf8-81c4-05ee92207b73","-12.132774","-77.03075","7","Vía Expresa Costa Verde","10","2019-02-09 04:05:00.000","2019-02-09 04:39:00.000","0.0064","0.5435380384967919"
"16fb2e11-173b-3190-b3c1-1633d80fb152","-12.126571","-77.035878","7","Bolognesi","10","2019-03-06 16:35:00.000","2019-03-06 17:19:00.000","0.0064","0.5499541704857929"
"910311ab-e559-3722-a670-0c87e0c9704b","-12.127594","-77.034474","7","Malecón 28 de Julio","10","2019-03-09 03:38:00.000","2019-03-09 04:07:00.000","0.0064","0.5563703024747938"
"c675afc2-77ce-3121-9c95-dea3900a1d6d","-12.121825","-77.020125","7","Av. Monseñor Roca y Boloña","10","2019-05-11 22:12:00.000","2019-05-11 22:41:00.000","0.0064","0.5627864344637947"
"02d0b581-6a2a-38ae-b43e-f10b2823df6d","-12.122771","-77.043217","7","Vía Expresa Costa Verde","10","2019-05-25 14:48:00.000","2019-05-25 15:14:00.000","0.0064","0.5692025664527957"
"2eaf6d8d-947c-3d51-ae7f-a789b67daf33","-12.123312","-77.018681","7","Av. Ricardo Palma","10","2019-07-13 18:00:00.000","2019-07-13 18:41:00.000","0.0064","0.5756186984417965"
"fd0e8f71-d4c2-3b7f-a1cb-2a268a4924e5","-12.125306","-77.024049","7","Av. Alfredo Benavides","10","2019-08-16 17:24:00.000","2019-08-16 18:05:00.000","0.0064","0.5820348304307974"
"b1659de5-96ef-3015-a8ec-a4c09e1f7b70","-12.122086","-77.02517","6","Av. Paseo de la República","10","2018-10-12 03:21:00.000","2018-10-12 03:55:00.000","0.0055","0.5875343721356554"
"67803806-ed34-357f-ae39-730e57baf991","-12.125932","-77.01986","6","Av. Alfredo Benavides","10","2018-10-27 07:23:00.000","2018-10-27 08:00:00.000","0.0055","0.5930339138405133"
"6a15eec6-6a04-3ecc-8440-beb3f2302040","-12.120435","-77.015498","6","Av. Monseñor Roca y Boloña","10","2018-11-23 23:49:00.000","2018-11-24 00:05:00.000","0.0055","0.5985334555453712"
"bcae5f1a-d484-37f1-a0f4-227a6d877e0e","-12.109135","-77.05265","6","Av. Augusto Pérez Araníbar","10","2019-01-28 02:49:00.000","2019-01-28 03:28:00.000","0.0055","0.6040329972502292"
"766f3634-e2dd-3d5e-a73a-2fff9e539163","-12.110201","-77.051552","6","Av. Augusto Pérez Araníbar","10","2019-01-28 03:00:00.000","2019-01-28 03:57:00.000","0.0055","0.6095325389550871"
"f4dc14c1-7f1e-3a2b-aff9-35266d91c898","-12.132271","-77.031441","6","Vía Expresa Costa Verde","10","2019-02-09 09:42:00.000","2019-02-09 10:11:00.000","0.0055","0.615032080659945"
"f6da8ce4-070c-3bbf-80eb-e960a7311baa","-12.125646","-77.024292","6","Salida 9 / Av. Reducto - 28 de Julio","10","2019-02-09 22:57:00.000","2019-02-09 23:25:00.000","0.0055","0.620531622364803"
"af31af2c-1808-35ab-a243-2e9d955b666d","-12.125298","-77.024098","6","Av. Alfredo Benavides","10","2019-02-09 23:07:00.000","2019-02-09 23:54:00.000","0.0055","0.6260311640696609"
"725fbe65-2a66-382e-b8a3-4b8a023b7364","-12.121815","-77.025247","6","Av. Paseo de la República","10","2019-02-28 21:48:00.000","2019-02-28 22:22:00.000","0.0055","0.6315307057745188"
"6472a334-45bb-341e-9892-c45ec3b67b32","-12.11103","-77.055023","6","Vía Expresa Costa Verde","10","2019-03-09 14:17:00.000","2019-03-09 14:30:00.000","0.0055","0.6370302474793768"
"4eb1f2cc-6785-30e8-8b68-2ca9172d9841","-12.125752","-77.029387","6","Av. José Larco","10","2019-03-13 20:08:00.000","2019-03-13 20:55:00.000","0.0055","0.6425297891842346"
"c5ad7aa1-1cf3-3ace-979f-a3d3cf66f8af","-12.126544","-77.037634","6","Vía Expresa Costa Verde","10","2019-05-20 01:21:00.000","2019-05-20 01:52:00.000","0.0055","0.6480293308890925"
"fe79d998-d76d-38ba-b6d6-ffcfec1b1c97","-12.127618","-77.013901","6","José Antonio Encinas","10","2019-05-28 23:00:00.000","2019-05-28 23:31:00.000","0.0055","0.6535288725939505"
"b9c9af3b-f3cd-3da3-81ef-0ea80c6b75b5","-12.130143","-77.024661","6","Av. Vasco Núñez de Balboa","10","2019-06-20 17:17:00.000","2019-06-20 18:03:00.000","0.0055","0.6590284142988084"
"4e797198-a64c-32da-b788-0f7115d3aea8","-12.138272","-77.027041","5","Acceso Vía Expresa Costa Verde > Callao","10","2018-11-07 13:52:00.000","2018-11-07 14:50:00.000","0.0046","0.6636113657195234"
"50852c70-1a48-3272-ac20-e50fd026a56a","-12.109809","-77.054325","5","Bajada San Martín","10","2018-11-07 21:11:00.000","2018-11-07 21:25:00.000","0.0046","0.6681943171402384"
"ee0e1028-b6d0-3991-a4e6-484a6fefc50a","-12.122795","-77.019806","5","Av. Ricardo Palma","10","2019-01-22 12:57:00.000","2019-01-22 13:00:00.000","0.0046","0.6727772685609532"
"fd336756-07ee-3d71-bb80-4f772edb8221","-12.124756","-77.022177","5","Av. Casimiro Ulloa","10","2019-02-05 01:17:00.000","2019-02-05 01:51:00.000","0.0046","0.6773602199816682"
"1414f93b-9214-3fed-981e-5c071d52307d","-12.122637","-77.01981","5","Av. Ricardo Palma","10","2019-03-19 14:55:00.000","2019-03-19 15:28:00.000","0.0046","0.6819431714023831"
"33e7472b-fc66-373e-b42a-ded0a89e176b","-12.105587","-77.03319","5","Av. Santa Cruz","10","2019-04-11 19:00:00.000","2019-04-11 20:03:00.000","0.0046","0.6865261228230981"
"747f1360-2886-3040-b449-d807996e92f5","-12.119944","-77.023794","5","Av. Ricardo Palma","10","2019-04-17 14:18:00.000","2019-04-17 15:11:00.000","0.0046","0.6911090742438131"
"15598300-2980-3fc5-ba1a-6497d67fc4de","-12.126783","-77.014484","5","Av. Alfredo Benavides","10","2019-05-09 22:21:00.000","2019-05-09 23:09:00.000","0.0046","0.6956920256645279"
"6e0a5254-0ace-3b06-8df6-742afb78baca","-12.126671","-77.015206","5","Av. Alfredo Benavides","10","2019-05-09 22:22:00.000","2019-05-09 23:43:00.000","0.0046","0.7002749770852429"
"b2ad2d4d-2889-32d6-9af2-7d5a1d785002","-12.128254","-77.005832","5","Av. Alfredo Benavides","10","2019-06-18 21:14:00.000","2019-06-18 21:46:00.000","0.0046","0.7048579285059579"
"f8fe5b96-18a0-3f28-80e2-cce64081febf","-12.123053","-77.019349","5","Av. Ricardo Palma","10","2019-07-13 17:38:00.000","2019-07-13 18:18:00.000","0.0046","0.7094408799266728"
"183bffea-eea4-3707-a655-2f190f1a9cc8","-12.126371","-77.017155","5","Av. Alfredo Benavides","9","2018-10-14 19:18:00.000","2018-10-14 19:42:00.000","0.0046","0.7140238313473877"
"7eccd453-af19-3ecb-ac29-f7ddba26652d","-12.130203","-77.035082","5","Vía Expresa Costa Verde","9","2018-10-20 10:54:00.000","2018-10-20 11:17:00.000","0.0046","0.7186067827681026"
"c6ba9bd9-d739-3730-ae82-d0fedab52036","-12.135889","-77.024935","5","Quebrada de Armendáriz","9","2018-11-07 12:22:00.000","2018-11-07 13:23:00.000","0.0046","0.7231897341888176"
"536a8e04-974b-37ce-b138-7c849f5cbdcb","-12.113381","-77.049196","5","Malecón de la Marina","9","2019-01-30 23:43:00.000","2019-01-31 00:28:00.000","0.0046","0.7277726856095326"
"720ca512-b32f-3d60-b4d6-426fb59f987a","-12.125166","-77.022386","5","Ramón Ribeyro","9","2019-04-06 18:39:00.000","2019-04-06 19:15:00.000","0.0046","0.7323556370302475"
"96f3550b-f372-3662-81ec-fcdf8f26cf8b","-12.107486","-77.034655","5","Av. Santa Cruz","9","2019-04-11 18:57:00.000","2019-04-11 19:46:00.000","0.0046","0.7369385884509624"
"f4a8122f-0477-3710-bd27-eb2ae64bd0b4","-12.128044","-77.035358","4","Puente Mellizo Villena Rey","10","2018-10-26 23:07:00.000","2018-10-26 23:17:00.000","0.0037","0.7406049495875344"
"418908f9-4b0c-326e-95db-c48612c33cec","-12.12516","-77.025518","4","Av. Alfredo Benavides","10","2018-11-27 22:09:00.000","2018-11-27 22:38:00.000","0.0037","0.7442713107241063"
"045ecbd8-6932-3666-8a79-a45107d75fd2","-12.127093","-77.034225","4","Malecón 28 de Julio","10","2019-03-09 02:21:00.000","2019-03-09 02:57:00.000","0.0037","0.7479376718606783"
"8af283be-1249-378e-a58e-7b38f65b73b5","-12.124731","-77.027837","4","Av. Alfredo Benavides","9","2018-10-25 12:28:00.000","2018-10-25 12:59:00.000","0.0037","0.7516040329972502"
"5e3987f3-b982-3771-971a-0c64ce794db4","-12.12576","-77.029388","4","Av. José Larco","9","2018-10-25 14:26:00.000","2018-10-25 14:56:00.000","0.0037","0.7552703941338221"
"f0b9802a-c6f6-37d9-b266-f01745d15e7b","-12.131159","-77.03329","4","Vía Expresa Costa Verde","9","2018-11-06 14:43:00.000","2018-11-06 15:15:00.000","0.0037","0.7589367552703942"
"e38bfbfa-de6b-3135-a637-a9f9787bbbbb","-12.135887","-77.024547","4","Quebrada de Armendáriz","9","2018-11-07 12:04:00.000","2018-11-07 12:42:00.000","0.0037","0.7626031164069661"
"a40e484e-9548-3be2-98b9-682d8c6b425b","-12.136803","-77.028672","4","Vía Expresa Costa Verde","9","2018-11-12 23:59:00.000","2018-11-13 00:28:00.000","0.0037","0.766269477543538"
"fa780b46-a1cd-3779-9421-f815629ec5e6","-12.134603","-77.023383","4","Quebrada de Armendáriz","9","2018-11-18 11:13:00.000","2018-11-18 12:02:00.000","0.0037","0.76993583868011"
"38cb5b10-62f7-3ab0-b427-0603ad5d1ec0","-12.124884","-77.024514","4","Av. Paseo de la República","9","2018-11-22 00:36:00.000","2018-11-22 00:43:00.000","0.0037","0.773602199816682"
"3a483dc7-3dbd-3e3e-b15c-e9f0276d6008","-12.131181","-77.033232","4","Vía Expresa Costa Verde","9","2019-01-04 17:07:00.000","2019-01-04 17:37:00.000","0.0037","0.7772685609532539"
"accae86b-5a96-3872-b6d1-2ecc2d5b03d3","-12.113036","-77.051175","4","Vía Expresa Costa Verde","9","2019-02-14 01:17:00.000","2019-02-14 01:21:00.000","0.0037","0.7809349220898258"
"29d86512-62ce-36ff-8225-a911cb669c0f","-12.123569","-77.038778","4","Av. de la Aviación","9","2019-02-20 00:51:00.000","2019-02-20 01:03:00.000","0.0037","0.7846012832263978"
"901d7133-c3ed-31ba-9bf6-fb1ba0f4f55d","-12.120186","-77.034374","4","Berlín","9","2019-03-19 12:20:00.000","2019-03-19 12:50:00.000","0.0037","0.7882676443629697"
"0f3ba3b8-4b91-3e21-aae2-245c685fe9b6","-12.125047","-77.024478","4","Av. Paseo de la República","9","2019-03-21 01:05:00.000","2019-03-21 01:15:00.000","0.0037","0.7919340054995417"
"50372ba4-eac5-39bf-b760-01a5866d3109","-12.113595","-77.027813","4","Av. Angamos Este","9","2019-04-19 00:04:00.000","2019-04-19 00:33:00.000","0.0037","0.7956003666361137"
"666149a5-728c-3bc4-8227-02edf3c6d5b6","-12.128873","-77.036439","4","Vía Expresa Costa Verde","9","2019-05-20 14:00:00.000","2019-05-20 14:15:00.000","0.0037","0.7992667277726856"
"1beb51fe-70cc-3dab-a711-0ab84efcd1a7","-12.128268","-77.005742","4","Av. Alfredo Benavides","9","2019-06-18 21:05:00.000","2019-06-18 21:11:00.000","0.0037","0.8029330889092575"
"404d92a2-9fe4-3977-bcae-856ad2ab3599","-12.124134","-77.03384","4","Recavarren","8","2019-03-06 15:48:00.000","2019-03-06 16:28:00.000","0.0037","0.8065994500458296"
"8c8e3003-2add-3bb8-bfa5-e7ddbb730205","-12.126131","-77.00921","4","Av. José Ramírez Gastón","8","2019-03-14 15:14:00.000","2019-03-14 15:45:00.000","0.0037","0.8102658111824015"
"3710f240-7e59-3bb4-9577-fb615659e7ee","-12.113589","-77.027693","4","Av. Angamos Este","8","2019-06-05 17:04:00.000","2019-06-05 17:45:00.000","0.0037","0.8139321723189734"
"07bd6158-a193-3d22-a156-a163b8c91842","-12.104661","-77.032147","4","Asunción","8","2019-06-28 21:55:00.000","2019-06-28 22:24:00.000","0.0037","0.8175985334555453"
"77c30a83-d753-3f63-84e8-0168fc7c389e","-12.123209","-77.019058","4","Av. Ricardo Palma","8","2019-07-13 17:03:00.000","2019-07-13 17:32:00.000","0.0037","0.8212648945921174"
"dc11889a-abe5-341b-93b4-b008acd3e405","-12.125582","-77.023771","4","Av. Paseo de la República","8","2019-08-16 17:24:00.000","2019-08-16 18:03:00.000","0.0037","0.8249312557286893"
"ff2996ad-5767-371e-b191-3fb1fb89337a","-12.109744","-77.047936","3","Mariano Melgar","9","2019-01-28 00:29:00.000","2019-01-28 01:04:00.000","0.0027","0.8276810265811182"
"19bba615-932e-3038-ae97-f7972c3351b8","-12.126479","-77.017164","3","Av. Alfredo Benavides","8","2018-10-14 19:01:00.000","2018-10-14 19:04:00.000","0.0027","0.8304307974335472"
"a11d48be-3a76-3df1-9d65-29374c7f9553","-12.122729","-77.030281","3","Schell","8","2018-11-18 11:19:00.000","2018-11-18 11:50:00.000","0.0027","0.8331805682859762"
"3825b2b7-5a30-32a5-b503-86850288f886","-12.12214","-77.02036","3","Av. Monseñor Roca y Boloña","8","2018-11-27 22:29:00.000","2018-11-27 23:04:00.000","0.0027","0.8359303391384051"
"a7ec36a5-f923-3a5a-801b-6461b3d5c3f1","-12.131833","-77.029574","3","Av. Armendáriz","8","2019-01-04 18:44:00.000","2019-01-04 18:55:00.000","0.0027","0.8386801099908341"
"e702f15b-1515-3aff-9ae6-623519e934f9","-12.11384","-77.029725","3","Av. Arequipa","8","2019-01-24 07:42:00.000","2019-01-24 08:12:00.000","0.0027","0.8414298808432631"
"382ca999-b8b6-342d-b3be-fcb8e8665bc3","-12.123387","-77.021218","3","Av. Casimiro Ulloa","8","2019-02-19 22:45:00.000","2019-02-19 23:16:00.000","0.0027","0.844179651695692"
"46696de9-ad65-3d95-865e-88682d684278","-12.124533","-77.029125","3","Av. Alfredo Benavides","8","2019-03-13 19:41:00.000","2019-03-13 20:17:00.000","0.0027","0.846929422548121"
"4799f1cb-a947-3fc6-98b7-f7031af8d230","-12.132247","-77.031658","3","Vía Expresa Costa Verde","8","2019-05-11 10:48:00.000","2019-05-11 11:10:00.000","0.0027","0.84967919340055"
"5173ab04-0b07-33cd-b408-a5a248721548","-12.131344","-77.030196","3","Malecón de la Reserva","8","2019-05-14 18:43:00.000","2019-05-14 19:13:00.000","0.0027","0.8524289642529789"
"edcc98d5-6537-328f-bd79-b7989e55b6f2","-12.131304","-77.03371","3","Vía Expresa Costa Verde","8","2019-05-20 01:03:00.000","2019-05-20 01:20:00.000","0.0027","0.8551787351054079"
"e1d6c73a-db73-31ca-8ee4-47b551ae0768","-12.113658","-77.027393","3","Av. Angamos Este","8","2019-06-03 01:34:00.000","2019-06-03 02:06:00.000","0.0027","0.8579285059578369"
"73485aa2-5680-31dc-90cf-d5c569b00065","-12.132229","-77.029063","3","Av. Armendáriz","8","2019-06-03 23:18:00.000","2019-06-03 23:47:00.000","0.0027","0.8606782768102658"
"43cbb4e9-52f4-3b83-ae9a-86e7c2350630","-12.124276","-77.010339","3","Av. Manuel Villarán","8","2019-06-13 13:35:00.000","2019-06-13 13:57:00.000","0.0027","0.8634280476626948"
"f3590ee5-2d66-3772-94eb-b6f2ccc5608c","-12.126639","-77.023413","3","Av. Paseo de la República","8","2019-06-20 16:02:00.000","2019-06-20 16:27:00.000","0.0027","0.8661778185151238"
"fae8369f-2c8e-326b-bd6d-b20742ea0b91","-12.122563","-77.006254","3","Av. Manuel Villarán","8","2019-07-18 00:32:00.000","2019-07-18 00:47:00.000","0.0027","0.8689275893675527"
"e5c5a164-ea72-3dd2-af89-7f4759cd7853","-12.136128","-77.0254","3","Quebrada de Armendáriz","8","2019-07-21 02:36:00.000","2019-07-21 02:46:00.000","0.0027","0.8716773602199817"
"7a3c8267-3425-3893-bac5-058cc6b74d39","-12.116655","-77.045114","3","Av. Del Ejército","8","2019-08-25 02:06:00.000","2019-08-25 02:35:00.000","0.0027","0.8744271310724107"
"522d2cdc-4a1d-33b2-a907-9e12da9e39fc","-12.125756","-77.023831","3","Acceso a Vía Expresa Paseo de la República","7","2018-10-21 08:42:00.000","2018-10-21 09:08:00.000","0.0027","0.8771769019248395"
"930ab173-d8ce-3eef-9598-f4e3ffca6bb0","-12.135251","-77.025007","3","Av. Armendáriz","7","2018-10-28 13:03:00.000","2018-10-28 13:32:00.000","0.0027","0.8799266727772685"
"8b281fa3-d636-313e-be60-78a4fa8a82da","-12.121835","-77.029006","3","Av. José Larco","7","2019-01-22 21:04:00.000","2019-01-22 21:36:00.000","0.0027","0.8826764436296975"
"00cc63d1-f63d-3afe-8179-b78af7d3e6e7","-12.113696","-77.028001","3","Av. Angamos Este","7","2019-02-19 11:53:00.000","2019-02-19 12:26:00.000","0.0027","0.8854262144821264"
"3406ffec-9ab0-373a-9902-6efd29cc926e","-12.113779","-77.029509","3","Av. Angamos Este","7","2019-03-18 11:14:00.000","2019-03-18 11:53:00.000","0.0027","0.8881759853345554"
"de04b4e9-0353-38c2-8aa8-7a2188e034d7","-12.114003","-77.036513","3","Av. Angamos Oeste","7","2019-05-16 11:10:00.000","2019-05-16 11:58:00.000","0.0027","0.8909257561869844"
"3b92a9d1-88e0-391f-a59e-dc26d321c221","-12.122679","-77.006423","3","Av. Manuel Villarán","7","2019-05-21 20:15:00.000","2019-05-21 20:44:00.000","0.0027","0.8936755270394133"
"1ad9b39a-23b1-3cfa-a3f6-72e54b76ff12","-12.1145","-77.027923","3","General Vidal","7","2019-05-24 16:41:00.000","2019-05-24 17:15:00.000","0.0027","0.8964252978918423"
"09d22fbe-b113-3791-ab80-23c6278ae043","-12.11867","-77.010063","3","Av. Monseñor Roca y Boloña","7","2019-06-25 20:14:00.000","2019-06-25 20:39:00.000","0.0027","0.8991750687442713"
"64c45d8e-6a70-3f14-979e-825fe3381c0f","-12.128738","-77.018003","3","Av. Roosevelt","7","2019-08-12 02:56:00.000","2019-08-12 03:25:00.000","0.0027","0.9019248395967002"
"6a02a112-aa3a-3c65-8224-6d8c943df7b4","-12.126806","-77.037151","3","Bajada Balta","7","2019-08-15 16:07:00.000","2019-08-15 16:37:00.000","0.0027","0.9046746104491292"
"bdf6feb8-4bc2-39a9-a02d-ab20e1eab022","-12.130633","-77.03444","2","Vía Expresa Costa Verde","8","2018-11-06 14:49:00.000","2018-11-06 15:20:00.000","0.0018","0.9065077910174152"
"4cc671ea-b5b9-3b19-8015-ccd791b9b508","-12.127344","-77.036635","2","Bajada Balta","7","2018-10-06 18:40:00.000","2018-10-06 19:09:00.000","0.0018","0.9083409715857012"
"e813721d-1d70-3a52-a8ec-9fc858e66658","-12.116652","-77.029417","2","Av. Arequipa","7","2018-10-12 16:06:00.000","2018-10-12 16:40:00.000","0.0018","0.9101741521539871"
"cf3a29c9-febc-376f-ab31-571c13332243","-12.124671","-77.028761","2","Av. Alfredo Benavides","7","2018-10-25 13:27:00.000","2018-10-25 13:59:00.000","0.0018","0.9120073327222732"
"4d77b21a-794d-3e9a-b7c0-4b703cc38183","-12.117481","-77.048629","2","Vía Expresa Costa Verde","7","2018-10-26 01:49:00.000","2018-10-26 02:20:00.000","0.0018","0.9138405132905592"
"39278346-39dc-3565-b3c6-2f9ae6038e97","-12.119717","-77.011909","2","Av. Monseñor Roca y Boloña","7","2018-11-16 21:13:00.000","2018-11-16 21:15:00.000","0.0018","0.9156736938588451"
"d98e007f-6201-39c0-9a29-3ea5b5cc078b","-12.124738","-77.036938","2","Av. Jorge Chávez","7","2019-01-05 01:05:00.000","2019-01-05 01:34:00.000","0.0018","0.9175068744271311"
"97634906-b29c-33f4-958b-0c38c081903b","-12.135012","-77.023385","2","Quebrada de Armendáriz","7","2019-01-08 00:39:00.000","2019-01-08 01:09:00.000","0.0018","0.919340054995417"
"685a3896-b235-31cb-88ce-0763a2ee1e93","-12.127326","-77.035823","2","Puente Mellizo Villena Rey","7","2019-01-12 15:02:00.000","2019-01-12 15:16:00.000","0.0018","0.921173235563703"
"3f88f5a7-54bb-375e-824c-7a6daf5ddbc7","-12.10877","-77.052808","2","Av. Augusto Pérez Araníbar","7","2019-01-28 04:08:00.000","2019-01-28 04:47:00.000","0.0018","0.923006416131989"
"7d496a07-9d98-37a6-b5a9-ea00c6199862","-12.122696","-77.03148","2","Av. Diagonal","7","2019-01-30 22:15:00.000","2019-01-30 22:33:00.000","0.0018","0.9248395967002749"
"87b62905-4c9a-3317-83f5-d1e3becbfaa9","-12.125375","-77.023578","2","Av. Alfredo Benavides","7","2019-02-09 23:22:00.000","2019-02-09 23:33:00.000","0.0018","0.9266727772685609"
"3183f710-95a4-376c-acaf-0ed9a00540fe","-12.114186","-77.029669","2","Av. Arequipa","7","2019-02-19 13:27:00.000","2019-02-19 13:58:00.000","0.0018","0.928505957836847"
"ba17cfe8-6c33-3908-b12c-97a0e757aeb0","-12.128051","-77.006281","2","Av. Alfredo Benavides","7","2019-03-11 17:29:00.000","2019-03-11 17:59:00.000","0.0018","0.9303391384051329"
"7fc1618d-d642-3d3a-a72a-55b4a0f798bf","-12.127204","-77.037109","2","Vía Expresa Costa Verde","7","2019-05-24 22:31:00.000","2019-05-24 22:47:00.000","0.0018","0.9321723189734189"
"66a0165f-a0ba-3d4e-985d-d6bb6eaae54b","-12.128578","-77.032773","2","Juan Fanning","7","2019-05-30 17:42:00.000","2019-05-30 18:11:00.000","0.0018","0.9340054995417049"
"9d2e191d-c99a-3900-a533-78204e988ce7","-12.128924","-77.023863","2","Av. Reducto","7","2019-07-30 00:07:00.000","2019-07-30 00:39:00.000","0.0018","0.9358386801099908"
"5f0d2ae3-922e-35bf-b339-2b0a22a7a7ca","-12.116682","-77.026644","2",,"7","2019-08-09 23:39:00.000","2019-08-10 00:18:00.000","0.0018","0.9376718606782768"
"6dfd1d41-9513-38c0-8dbd-353858c5c17d","-12.126385","-77.017808","2","Av. Alfredo Benavides","6","2018-10-14 23:15:00.000","2018-10-14 23:22:00.000","0.0018","0.9395050412465628"
"5e17e23e-a801-3351-ac20-c39cb6dd3fae","-12.110635","-77.032229","2","María Parado de Bellido","6","2019-01-11 17:05:00.000","2019-01-11 17:34:00.000","0.0018","0.9413382218148487"
"0b209379-8341-33da-a7f2-656c1eb66a4b","-12.123744","-77.008077","2","Av. Manuel Villarán","6","2019-03-14 13:51:00.000","2019-03-14 14:23:00.000","0.0018","0.9431714023831348"
"5f6d1951-5836-3592-bd53-26d23ec0783c","-12.117708","-77.0086","2","Av. Monseñor Roca y Boloña","6","2019-03-26 15:51:00.000","2019-03-26 16:10:00.000","0.0018","0.9450045829514208"
"858338b5-91b6-37a9-9273-614065bda21f","-12.118527","-77.009847","2","Av. Monseñor Roca y Boloña","6","2019-05-24 13:08:00.000","2019-05-24 13:38:00.000","0.0018","0.9468377635197067"
"59b154b5-d543-3686-abf4-2901e057423f","-12.12573","-77.021196","2","Av. Alfredo Benavides","6","2019-06-01 23:16:00.000","2019-06-01 23:48:00.000","0.0018","0.9486709440879927"
"cc17400c-e9b0-3ccb-bce2-220f3923425b","-12.113128","-77.047084","2","General Mendiburu","6","2019-06-13 23:59:00.000","2019-06-14 00:28:00.000","0.0018","0.9505041246562786"
"f845ddf4-cadc-3700-896f-18e343f09078","-12.125813","-77.009309","2","Av. José Ramírez Gastón","6","2019-07-13 18:21:00.000","2019-07-13 18:50:00.000","0.0018","0.9523373052245646"
"f774813e-8d06-3249-9240-3cbfea7f2b86","-12.127162","-77.009535","2","Av. José Ramírez Gastón","6","2019-07-13 19:12:00.000","2019-07-13 19:42:00.000","0.0018","0.9541704857928506"
"645a2441-2f2a-3440-8597-53dd9e73e886","-12.125994","-77.018086","2","Av. Roosevelt","6","2019-08-12 03:30:00.000","2019-08-12 03:59:00.000","0.0018","0.9560036663611365"
"e8faaad4-af17-3d59-8c73-9da3c696b2d1","-12.12637","-77.017916","1","Av. Alfredo Benavides","6","2018-10-14 22:24:00.000","2018-10-14 22:30:00.000","9.0E-4","0.9569202566452796"
"a870cdc9-12f8-3b0a-ba21-5759b80e008c","-12.11936","-77.045734","1","Vía Expresa Costa Verde","6","2018-10-17 09:31:00.000","2018-10-17 09:43:00.000","9.0E-4","0.9578368469294225"
"d98e05ba-f419-3ab3-876d-663cd9d63674","-12.134541","-77.023384","1","Acceso a Quebrada de Armendáriz","6","2018-11-07 12:04:00.000","2018-11-07 12:34:00.000","9.0E-4","0.9587534372135655"
"23b9eaec-3e28-3d58-b972-8beb32a42064","-12.12528","-77.024433","1","Av. Paseo de la República","6","2018-11-27 21:54:00.000","2018-11-27 21:58:00.000","9.0E-4","0.9596700274977086"
"e98d1389-d0f5-361e-8bae-7fe6f6fc70ed","-12.122787","-77.019578","1","Av. Ricardo Palma","6","2018-11-27 22:37:00.000","2018-11-27 22:42:00.000","9.0E-4","0.9605866177818515"
"20b368a0-05d9-3771-a680-555a4b611aba","-12.120394","-77.012666","1","Av. Monseñor Roca y Boloña","6","2019-01-17 15:28:00.000","2019-01-17 15:38:00.000","9.0E-4","0.9615032080659945"
"6b88de08-4b12-3ad5-8d6d-ae13b320d110","-12.109762","-77.051823","1","Av. Augusto Pérez Araníbar","6","2019-01-28 04:08:00.000","2019-01-28 04:21:00.000","9.0E-4","0.9624197983501375"
"6b59f244-db76-3309-a166-662efcf6949c","-12.114237","-77.036973","1","Av. Comandante Espinar","6","2019-02-16 16:55:00.000","2019-02-16 17:01:00.000","9.0E-4","0.9633363886342805"
"7627c89c-0fb1-3d3d-8e5f-1d1a53082ef3","-12.123063","-77.018152","1","Av. República de Panamá","6","2019-03-19 14:38:00.000","2019-03-19 15:07:00.000","9.0E-4","0.9642529789184234"
"fee1998e-9985-3adf-a403-ee9b2a441e07","-12.123444","-77.031307","1","Porta","6","2019-03-21 12:26:00.000","2019-03-21 12:55:00.000","9.0E-4","0.9651695692025665"
"b1805bf2-fd5e-3734-8994-bb327e1e1376","-12.122276","-77.032533","1","José Gálvez","6","2019-03-25 23:10:00.000","2019-03-25 23:32:00.000","9.0E-4","0.9660861594867094"
"81600ed6-7008-30fc-aa16-18043be5c1fa","-12.128698","-77.006901","1","Santa Carmen","6","2019-04-24 13:18:00.000","2019-04-24 13:51:00.000","9.0E-4","0.9670027497708524"
"854f8d4d-daf3-3622-94f3-a76e01233e02","-12.113709","-77.02958","1","Av. Angamos Este","6","2019-06-05 16:37:00.000","2019-06-05 17:22:00.000","9.0E-4","0.9679193400549955"
"36d608ef-2717-382f-b3ff-00f98f820a2e","-12.129934","-77.029476","1","Juan Fanning","6","2019-06-26 19:49:00.000","2019-06-26 19:57:00.000","9.0E-4","0.9688359303391384"
"d3a0bfb1-977e-320d-8f5a-922a6b9be1cc","-12.130881","-77.033989","1","Vía Expresa Costa Verde","5","2018-10-02 17:38:00.000","2018-10-02 17:52:00.000","9.0E-4","0.9697525206232814"
"25dadde9-247a-37b6-8bab-b575699028d8","-12.12419","-77.012846","1","Av. Manuel Villarán","5","2018-10-14 00:57:00.000","2018-10-14 01:06:00.000","9.0E-4","0.9706691109074244"
"daa6f26b-6755-3535-ab79-cd5d465d6ede","-12.123697","-77.007741","1","Los Capulíes","5","2018-10-23 22:20:00.000","2018-10-23 22:31:00.000","9.0E-4","0.9715857011915674"
"bd8680a0-9c0a-3b56-beee-148fa40deb29","-12.113783","-77.029588","1","Av. Angamos Este","5","2018-10-24 12:26:00.000","2018-10-24 12:49:00.000","9.0E-4","0.9725022914757103"
"d68e0fbd-1df4-35e2-b623-f70196fd0d15","-12.124775","-77.028071","1","Av. Alfredo Benavides","5","2018-10-25 05:12:00.000","2018-10-25 05:42:00.000","9.0E-4","0.9734188817598534"
"49b73366-30b2-314c-a782-78bb2be144ad","-12.125277","-77.024326","1","Salida 9 / Av. Reducto - 28 de Julio","5","2018-11-17 20:35:00.000","2018-11-17 20:38:00.000","9.0E-4","0.9743354720439963"
"4f1b6792-a97c-35f1-8aee-82fdbf1a505c","-12.112699","-77.04959","1","Estacionamiento Club Lambayeque","5","2018-11-18 17:09:00.000","2018-11-18 17:38:00.000","9.0E-4","0.9752520623281393"
"da7e26de-ee74-3934-a1a3-5b4d2d063ac0","-12.122667","-77.019765","1","Av. Ricardo Palma","5","2019-01-24 06:48:00.000","2019-01-24 07:18:00.000","9.0E-4","0.9761686526122824"
"37ee7721-ce5f-32f8-bae2-50338c56fbf5","-12.1103","-77.048481","1","Av. Hipólito Unanue","5","2019-01-28 02:12:00.000","2019-01-28 02:43:00.000","9.0E-4","0.9770852428964253"
"d237d84f-d0c3-33b0-9df9-7b796903a60d","-12.10955","-77.052268","1","Av. Augusto Pérez Araníbar","5","2019-01-28 02:56:00.000","2019-01-28 03:26:00.000","9.0E-4","0.9780018331805683"
"8079ec79-9457-3c36-80ae-4ac1b4398478","-12.130261","-77.020998","1","Av. 28 de Julio","5","2019-02-10 20:26:00.000","2019-02-10 20:55:00.000","9.0E-4","0.9789184234647113"
"2bfd507e-386d-31ab-829d-a2d185d8c9fc","-12.13705","-77.026881","1","Malecón Armendáriz","5","2019-03-01 00:36:00.000","2019-03-01 01:10:00.000","9.0E-4","0.9798350137488543"
"8a5a63e5-eb54-31bf-b64f-75513e9bc7df","-12.123828","-77.033707","1","Recavarren","5","2019-03-06 16:34:00.000","2019-03-06 17:04:00.000","9.0E-4","0.9807516040329972"
"92105d4d-3f91-3d72-9bc5-e1176126ba63","-12.12316","-77.01915","1","Av. Ricardo Palma","5","2019-03-19 16:10:00.000","2019-03-19 16:39:00.000","9.0E-4","0.9816681943171403"
"b86d3da0-e790-3f63-852a-e50a3f2c6773","-12.123265","-77.018886","1","Av. Ricardo Palma","5","2019-03-19 17:02:00.000","2019-03-19 17:32:00.000","9.0E-4","0.9825847846012832"
"2d8a0b79-4e08-366c-957b-49affa452a37","-12.121479","-77.044737","1","Vía Expresa Costa Verde","5","2019-03-22 13:56:00.000","2019-03-22 14:28:00.000","9.0E-4","0.9835013748854262"
"dacfe5ab-a1c5-3d22-9ee5-a00ee8243564","-12.134646","-77.023184","1","Av. Reducto","5","2019-03-27 07:55:00.000","2019-03-27 08:29:00.000","9.0E-4","0.9844179651695693"
"5037a630-ad25-36fc-827a-9e8b0325fbe6","-12.127119","-77.022237","1","15 de Enero","5","2019-04-02 12:47:00.000","2019-04-02 13:17:00.000","9.0E-4","0.9853345554537122"
"ab9681b8-6834-37b3-b82a-73a38e807b5e","-12.124336","-77.012753","1","Av. Manuel Villarán","5","2019-04-10 19:22:00.000","2019-04-10 19:51:00.000","9.0E-4","0.9862511457378552"
"7e972ba3-654a-3901-a1d0-3b5512dfade4","-12.106439","-77.042118","1",,"5","2019-04-15 18:00:00.000","2019-04-15 18:31:00.000","9.0E-4","0.9871677360219981"
"681040d5-4563-304d-8b4e-9cd11ba047f9","-12.131906","-77.02948","1","Av. Armendáriz","5","2019-05-14 23:51:00.000","2019-05-15 00:20:00.000","9.0E-4","0.9880843263061412"
"a53768c9-ffdd-3ac7-b900-78985123a9a9","-12.130819","-77.034511","1","Vía Expresa Costa Verde","5","2019-05-18 10:23:00.000","2019-05-18 10:53:00.000","9.0E-4","0.9890009165902841"
"f3494f75-36be-325a-88e0-6563d86fd8c1","-12.122174","-77.025903","1","Ernesto Diez Canseco","5","2019-05-28 21:22:00.000","2019-05-28 21:51:00.000","9.0E-4","0.9899175068744271"
"7befd3a4-8ced-3e4c-ac33-998a5d2a921c","-12.128699","-77.018003","1","Av. Roosevelt","5","2019-05-30 02:26:00.000","2019-05-30 02:55:00.000","9.0E-4","0.9908340971585701"
"6ec09825-e008-39ab-87a3-b06b2213aeea","-12.128571","-77.029957","1","José González","5","2019-05-30 15:50:00.000","2019-05-30 16:19:00.000","9.0E-4","0.9917506874427131"
"cbadc6d5-1b2e-3cdb-b4c6-7ba29f828ebf","-12.111604","-77.028","1","Tacna","5","2019-06-05 11:51:00.000","2019-06-05 12:20:00.000","9.0E-4","0.9926672777268561"
"1e6a8cbd-d864-311c-b4bc-77fa620f2eba","-12.113553","-77.029772","1","Av. Arequipa","5","2019-06-05 16:28:00.000","2019-06-05 16:55:00.000","9.0E-4","0.9935838680109991"
"964dfe27-fe8e-3063-846b-619569f5f82a","-12.121822","-77.040863","1","Malecón Cisneros","5","2019-06-16 01:21:00.000","2019-06-16 01:51:00.000","9.0E-4","0.9945004582951421"
"14b5d4e7-b069-3486-9cf9-7b39ee7dfe16","-12.111287","-77.043532","1","Ignacio Merino","5","2019-06-18 17:27:00.000","2019-06-18 17:57:00.000","9.0E-4","0.995417048579285"
"0d5e46f6-1a4c-3259-bd2b-6c52f8593845","-12.10531","-77.032961","1","Av. Santa Cruz","5","2019-06-28 21:46:00.000","2019-06-28 22:16:00.000","9.0E-4","0.9963336388634281"
"1db7e64d-44cb-3c0f-9f45-ef55225bf2b0","-12.110029","-77.047606","1","Av. General Córdova","5","2019-06-29 01:38:00.000","2019-06-29 02:08:00.000","9.0E-4","0.997250229147571"
"6114582e-b0a6-3c5b-81bf-a7f3f4d46820","-12.128335","-77.018011","1","Av. Roosevelt","5","2019-08-12 02:04:00.000","2019-08-12 02:33:00.000","9.0E-4","0.998166819431714"
"29bb394a-a98d-342d-ab4c-050220c38177","-12.125573","-77.018092","1","Av. Roosevelt","5","2019-08-12 04:16:00.000","2019-08-12 04:46:00.000","9.0E-4","0.999083409715857"
"9fbe9a46-e037-3fd5-8055-7b7ef398923c","-12.122348","-77.020507","1","Av. Casimiro Ulloa","5","2019-08-21 17:57:00.000","2019-08-21 18:26:00.000","9.0E-4","1.0"
